Name = 丁奉,Name = Dinh Phung
Name = 丁原,Name = Dinh Nguyen
Name = 丁斐,Name = Dinh Phi
Name = 丁楓,Name = Dinh Phong
Name = 丁瑤,Name = Dinh Dao
Name = 丁儀,Name = Dinh Nghi
Name = 刁玄,Name = Dieu Huyen
Name = 于禁,Name = Vu Cam
Name = 于詮,Name = Vu Thuyen
Name = 士孫瑞,Name = Si Ton Thuy
Name = 士異,Name = Si Di
Name = 士壹,Name = Si Nhat
Name = 士碧,Name = Si Bich
Name = 士徽,Name = Si Huy
Name = 士燮,Name = Si Tiep
Name = 大喬,Name = Dai Kieu
Name = 小喬,Name = Tieu Kieu
Name = 山濤,Name = Son Dao
Name = 公孫度,Name = Cong Ton Do
Name = 公孫恭,Name = Cong Ton Cung
Name = 公孫康,Name = Cong Ton Khang
Name = 公孫淵,Name = Cong Ton Uyen
Name = 公孫婷,Name = Cong Ton Dinh
Name = 公孫越,Name = Cong Ton Viet
Name = 公孫範,Name = Cong Ton Pham
Name = 公孫續,Name = Cong Ton Tuc
Name = 公孫瓚,Name = Cong Ton Toan
Name = 卞喜,Name = Bien Hi
Name = 天香,Name = Thien Huong
Name = 太史享,Name = Thai Su Huong
Name = 太史昭容,Name = Thai Su Chieu Dung
Name = 太史慈,Name = Thai Su Tu
Name = 孔月,Name = Khong Nguyet
Name = 孔秀,Name = Khong Tu
Name = 孔岫,Name = Khong Tu
Name = 孔羨,Name = Khong Tien
Name = 孔融,Name = Khong Dung
Name = 文媛,Name = Van Vien
Name = 文欽,Name = Van Kham
Name = 文聘,Name = Van Sinh
Name = 文蕊,Name = Van Nhuy
Name = 文鴦,Name = Van Uong
Name = 文醜,Name = Van Suu
Name = 方悅,Name = Phuong Duyet
Name = 毋丘儉,Name = Vo Khau Kiem
Name = 毛玠,Name = Mao Gioi
Name = 牛金,Name = Nguu Kim
Name = 牛輔,Name = Nguu Phu
Name = 王子服,Name = Vuong Tu Phuc
Name = 王元姬,Name = Vuong Nguyen Co
Name = 王允,Name = Vuong Duan
Name = 王方,Name = Vuong Phuong
Name = 王平,Name = Vuong Binh
Name = 王伉,Name = Vuong Khang
Name = 王匡,Name = Vuong Khuong
Name = 王戎,Name = Vuong Nhung
Name = 王甫,Name = Vuong Phu
Name = 王忠,Name = Vuong Trung
Name = 王服,Name = Vuong Phuc
Name = 王威,Name = Vuong Uy
Name = 王若華,Name = Vuong Nhuoc Hoa
Name = 王昶,Name = Vuong Suong
Name = 王修,Name = Vuong Tu
Name = 王朗,Name = Vuong Lang
Name = 王烈,Name = Vuong Liet
Name = 王真,Name = Vuong Chan
Name = 王晟,Name = Vuong Thinh
Name = 王基,Name = Vuong Co
Name = 王祥,Name = Vuong Tuong
Name = 王累,Name = Vuong Luy
Name = 王植,Name = Vuong Thuc
Name = 王渾,Name = Vuong Hon
Name = 王筠,Name = Vuong Quan
Name = 王經,Name = Vuong Kinh
Name = 王粲,Name = Vuong San
Name = 王頎,Name = Vuong Ky
Name = 王濬,Name = Vuong Tuan
Name = 王雙,Name = Vuong Song
Name = 王覽,Name = Vuong Lam
Name = 令狐卲,Name = Lenh Ho Thieu
Name = 令狐愚,Name = Lenh Ho Ngu
Name = 司馬孚,Name = Tu Ma Phu
Name = 司馬炎,Name = Tu Ma Viem
Name = 司馬昭,Name = Tu Ma Chieu
Name = 司馬師,Name = Tu Ma Su
Name = 司馬朗,Name = Tu Ma Lang
Name = 司馬衷,Name = Tu Ma Trung
Name = 司馬望,Name = Tu Ma Vong
Name = 司馬鈴,Name = Tu Ma Linh
Name = 司馬瑋,Name = Tu Ma Vi
Name = 司馬徽,Name = Tu Ma Huy
Name = 司馬懿,Name = Tu Ma Y
Name = 左慈,Name = Ta Tu
Name = 甘若男,Name = Cam Nhuoc Nam
Name = 甘倩,Name = Cam Thien
Name = 甘寧,Name = Cam Ninh
Name = 田欣,Name = Dien Han
Name = 田楷,Name = Dien Giai
Name = 田豫,Name = Dien Du
Name = 田豐,Name = Dien Phong
Name = 田疇,Name = Dien Tru
Name = 田續,Name = Dien Tuc
Name = 申耽,Name = Than Dam
Name = 申儀,Name = Than Nghi
Name = 石苞,Name = Thach Bao
Name = 石崇,Name = Thach Sung
Name = 伊大目,Name = Y Dai Muc
Name = 伊默,Name = Y Mac
Name = 伊籍,Name = Y Tich
Name = 伏完,Name = Phuc Hoan
Name = 伏壽,Name = Phuc Tho
Name = 仲長統,Name = Trong Truong Thong
Name = 全琮,Name = Toan Tong
Name = 全端,Name = Toan Doan
Name = 吉太,Name = Cat Thai
Name = 吉穆,Name = Cat Muc
Name = 吉邈,Name = Cat Mac
Name = 向秀,Name = Huong Tu
Name = 向朗,Name = Huong Lang
Name = 向寵,Name = Huong Sung
Name = 成宜,Name = Thanh Nghi
Name = 朱治,Name = Chu Tri
Name = 朱虹,Name = Chu Hong
Name = 朱桓,Name = Chu Hoan
Name = 朱異,Name = Chu Di
Name = 朱然,Name = Chu Nhien
Name = 朱損,Name = Chu Ton
Name = 朱雋,Name = Chu Tuyen
Name = 朱熊,Name = Chu Hung
Name = 朱褒,Name = Chu Bao
Name = 朱據,Name = Chu Cu
Name = 朱靈,Name = Chu Linh
Name = 朱讚,Name = Chu Tan
Name = 羊祜,Name = Duong Ho
Name = 羊道,Name = Duong Dao
Name = 羊徽瑜,Name = Duong Huy Du
Name = 何姬,Name = Ha Co
Name = 何晏,Name = Ha Yen
Name = 何進,Name = Ha Tien
Name = 何蜜,Name = Ha Mat
Name = 何儀,Name = Ha Nghi
Name = 冷苞,Name = Lanh Bao
Name = 吾彥,Name = Ngo Ngan
Name = 吳子蘭,Name = Ngo Tu Lan
Name = 吳巨,Name = Ngo Cu
Name = 吳班,Name = Ngo Ban
Name = 吳綱,Name = Ngo Cuong
Name = 吳質,Name = Ngo Chat
Name = 吳蘭,Name = Ngo Lan
Name = 吳懿,Name = Ngo Y
Name = 呂布,Name = Lu Bo
Name = 呂岱,Name = Lu Dai
Name = 呂威璜,Name = Lu Uy Hoang
Name = 呂虔,Name = Lu Kien
Name = 呂凱,Name = Lu Khai
Name = 呂翔,Name = Lu Tuong
Name = 呂菁,Name = Lu Tinh
Name = 呂雯,Name = Lu Van
Name = 呂義,Name = Lu Nghia
Name = 呂蒙,Name = Lu Mong
Name = 呂範,Name = Lu Pham
Name = 呂據,Name = Lu Cu
Name = 呂曠,Name = Lu Khoang
Name = 宋忠,Name = Tong Trung
Name = 宋揚,Name = Tong Duong
Name = 宋憲,Name = Tong Hien
Name = 岑昏,Name = Sam Hon
Name = 李文姬,Name = Ly Van Co
Name = 李典,Name = Ly Dien
Name = 李恢,Name = Ly Khoi
Name = 李異,Name = Ly Di
Name = 李堪,Name = Ly Kham
Name = 李肅,Name = Ly Tuc
Name = 李傕,Name = Ly Giac
Name = 李福,Name = Ly Phuc
Name = 李蒙,Name = Ly Mong
Name = 李儒,Name = Ly Nho
Name = 李豐,Name = Ly Phong
Name = 李鵬,Name = Ly Bang
Name = 李嚴,Name = Ly Nghiem
Name = 杜遠,Name = Do Vien
Name = 杜襲,Name = Do Tap
Name = 步鷺,Name = Bo Lo
Name = 車胄,Name = Xa Tru
Name = 辛毗,Name = Tan Bi
Name = 辛敞,Name = Tan Suong
Name = 辛評,Name = Tan Binh
Name = 辛憲英,Name = Tan Hien Anh
Name = 邢道榮,Name = Hinh Dao Vinh
Name = 阮咸,Name = Nguyen Ham
Name = 阮籍,Name = Nguyen Tich
Name = 典韋,Name = Dien Vi
Name = 卓膺,Name = Trac Ung
Name = 卑衍,Name = Ti Dien
Name = 周玉,Name = Chu Ngoc
Name = 周昕,Name = Chu Han
Name = 周胤,Name = Chu Dan
Name = 周倉,Name = Chu Thuong
Name = 周泰,Name = Chu Thai
Name = 周瑜,Name = Chu Du
Name = 周魴,Name = Chu Phuong
Name = 孟坦,Name = Manh Than
Name = 孟達,Name = Manh Dat
Name = 尚廣,Name = Thuong Quang
Name = 武安國,Name = Vo An Quoc
Name = 法正,Name = Phap Chinh
Name = 沮授,Name = Tu Thu
Name = 沮鵠,Name = Tu Hoc
Name = 芙蓉,Name = Phu Dung
Name = 金采蘋,Name = Kim Thai Binh
Name = 金旋,Name = Kim Toan
Name = 邴原,Name = Binh Nguyen
Name = 邯鄲商,Name = Ham Dan Thuong
Name = 侯成,Name = Hau Thanh
Name = 侯音,Name = Hau Am
Name = 俞涉,Name = Du Thiep
Name = 姜敘,Name = Khuong Tu
Name = 姜維,Name = Khuong Duy
Name = 姜霞,Name = Khuong Ha
Name = 施但,Name = Thi Dan
Name = 皇甫嵩,Name = Hoang Phu Tung
Name = 紀靈,Name = Ky Linh
Name = 胡車兒,Name = Ho Xa Nhi
Name = 胡芬,Name = Ho Phan
Name = 胡班,Name = Ho Ban
Name = 胡軫,Name = Ho Chan
Name = 胡奮,Name = Ho Phan
Name = 胡遵,Name = Ho Tuan
Name = 范慎,Name = Pham Than
Name = 范疆,Name = Pham Cuong
Name = 韋昭,Name = Vi Chieu
Name = 韋康,Name = Vi Khang
Name = 种卲,Name = Chung Thieu
Name = 种拂,Name = Chung Phat
Name = 种輯,Name = Chung Tap
Name = 倫直,Name = Luan Truc
Name = 凌統,Name = Lang Thong
Name = 凌操,Name = Lang Thao
Name = 唐咨,Name = Duong Tu
Name = 夏侯令女,Name = Ha Hau Lenh Nu
Name = 夏侯玄,Name = Ha Hau Huyen
Name = 夏侯和,Name = Ha Hau Hoa
Name = 夏侯尚,Name = Ha Hau Thuong
Name = 夏侯威,Name = Ha Hau Uy
Name = 夏侯恩,Name = Ha Hau An
Name = 夏侯涓,Name = Ha Hau Quyen
Name = 夏侯惇,Name = Ha Hau Don
Name = 夏侯淵,Name = Ha Hau Uyen
Name = 夏侯楙,Name = Ha Hau Mau
Name = 夏侯嬌,Name = Ha Hau Kieu
Name = 夏侯德,Name = Ha Hau Duc
Name = 夏侯儒,Name = Ha Hau Nho
Name = 夏侯霸,Name = Ha Hau Ba
Name = 孫大虎,Name = Ton Dai Ho
Name = 孫小虎,Name = Ton Tieu Ho
Name = 孫仁,Name = Ton Nhan
Name = 孫休,Name = Ton Huu
Name = 孫匡,Name = Ton Khuong
Name = 孫秀,Name = Ton Tu
Name = 孫和,Name = Ton Hoa
Name = 孫亮,Name = Ton Luong
Name = 孫娟,Name = Ton Quyen
Name = 孫峻,Name = Ton Tuan
Name = 孫朗,Name = Ton Lang
Name = 孫桓,Name = Ton Hoan
Name = 孫狼,Name = Ton Lang
Name = 孫乾,Name = Ton Can
Name = 孫堅,Name = Ton Kien
Name = 孫異,Name = Ton Di
Name = 孫翊,Name = Ton Duc
Name = 孫登,Name = Ton Dang
Name = 孫皓,Name = Ton Hao
Name = 孫策,Name = Ton Sach
Name = 孫瑜,Name = Ton Du
Name = 孫韶,Name = Ton Thieu
Name = 孫霓裳,Name = Ton Nghe Thuong
Name = 孫靜,Name = Ton Tinh
Name = 孫禮,Name = Ton Le
Name = 孫權,Name = Ton Quyen
Name = 宴明,Name = Yen Minh
Name = 徐他,Name = Tu Tha
Name = 徐晃,Name = Tu Hoang
Name = 單福,Name = Dan Phuc
Name = 徐盛,Name = Tu Thinh
Name = 徐榮,Name = Tu Vinh
Name = 徐質,Name = Tu Chat
Name = 徐邈,Name = Tu Mac
Name = 桓範,Name = Hoan Pham
Name = 留略,Name = Luu Luoc
Name = 留贊,Name = Luu Tan
Name = 祖茂,Name = To Mau
Name = 祖郎,Name = To Lang
Name = 蛅鼠耋,Name = Thu Diet
Name = 秦旦,Name = Tan Dan
Name = 秦宓,Name = Tan Mat
Name = 秦琪,Name = Tan Ky
Name = 耿紀,Name = Canh Ky
Name = 荀攸,Name = Tuan Du
Name = 荀彧,Name = Tuan Uc
Name = 袁杏,Name = Vien Hanh
Name = 袁尚,Name = Vien Thuong
Name = 袁芳,Name = Vien Phuong
Name = 袁胤,Name = Vien Dan
Name = 袁紹,Name = Vien Thieu
Name = 袁術,Name = Vien Thuat
Name = 袁隗,Name = Vien Ngoi
Name = 袁熙,Name = Vien Hi
Name = 袁遺,Name = Vien Di
Name = 袁譚,Name = Vien Dam
Name = 郝昭,Name = Hach Chieu
Name = 馬元義,Name = Ma Nguyen Nghia
Name = 馬日磾,Name = Ma Nhat De
Name = 馬休,Name = Ma Huu
Name = 馬宇,Name = Ma Vu
Name = 馬均,Name = Ma Quan
Name = 馬良,Name = Ma Luong
Name = 馬岱,Name = Ma Dai
Name = 馬延,Name = Ma Duyen
Name = 馬忠,Name = Ma Trung
Name = 馬玩,Name = Ma Ngoan
Name = 馬琳,Name = Ma Lam
Name = 馬超,Name = Ma Sieu
Name = 馬雲蘿,Name = Ma Van La
Name = 馬翠,Name = Ma Thuy
Name = 馬遵,Name = Ma Tuan
Name = 馬謖,Name = Ma Tac
Name = 馬邈,Name = Ma Mac
Name = 馬騰,Name = Ma Dang
Name = 馬鐵,Name = Ma Thiet
Name = 高沛,Name = Cao Phai
Name = 高定,Name = Cao Dinh
Name = 高昇,Name = Cao Thang
Name = 高柔,Name = Cao Nhu
Name = 高堂隆,Name = Cao Duong Long
Name = 高翔,Name = Cao Tuong
Name = 高順,Name = Cao Thuan
Name = 高幹,Name = Cao Can
Name = 高覽,Name = Cao Lam
Name = ⑹陎,Name = Luc Thu
Name = 崔勇,Name = Thoi Dung
Name = 崔琰,Name = Thoi Diem
Name = 常雕,Name = Thuong Dieu
Name = 張子謙,Name = Truong Tu Khiem
Name = 張允,Name = Truong Duan
Name = 張布,Name = Truong Bo
Name = 張白騎,Name = Truong Bach Ky
Name = 張休,Name = Truong Huu
Name = 張任,Name = Truong Nham
Name = 張角,Name = Truong Giac
Name = 張佩,Name = Truong Boi
Name = 張承,Name = Truong Thua
Name = 張松,Name = Truong Tung
Name = 張虎,Name = Truong Ho
Name = 張南,Name = Truong Nam
Name = 張既,Name = Truong Ki
Name = 張昭,Name = Truong Chieu
Name = 張英,Name = Truong Anh
Name = 張苞,Name = Truong Bao
Name = 張郃,Name = Truong Hop
Name = 張飛,Name = Truong Phi
Name = 張悌,Name = Truong De
Name = 張純,Name = Truong Thuan
Name = 張紘,Name = Truong Hoanh
Name = 張梁,Name = Truong Luong
Name = 張梅,Name = Truong Mai
Name = 張猛,Name = Truong Manh
Name = 張球,Name = Truong Cau
Name = 張紹,Name = Truong Thieu
Name = 張陵,Name = Truong Lang
Name = 張華,Name = Truong Hoa
Name = 張楊,Name = Truong Duong
Name = 張溫,Name = Truong On
Name = 張達,Name = Truong Dat
Name = 張寧,Name = Truong Ninh
Name = 張衛,Name = Truong Ve
Name = 張魯,Name = Truong Lo
Name = 張勳,Name = Truong Huan
Name = 張橫,Name = Truong Hoanh
Name = 張燕,Name = Truong Yen
Name = 張燕燕,Name = Truong Yen Yen
Name = 張遼,Name = Truong Lieu
Name = 張濟,Name = Truong Te
Name = 張翼,Name = Truong Duc
Name = 張舉,Name = Truong Cu
Name = 張嶷,Name = Truong Nghi
Name = 張繡,Name = Truong Tu
Name = 張邈,Name = Truong Mac
Name = 張闓,Name = Truong Khai
Name = 張顗,Name = Truong Nghi
Name = 張寶,Name = Truong Bao
Name = 張馨,Name = Truong Hinh
Name = 張鶯鶯,Name = Truong Oanh Oanh
Name = 曹仁,Name = Tao Nhan
Name = 曹文叔,Name = Tao Van Thuc
Name = 曹丕,Name = Tao Phi
Name = 曹休,Name = Tao Huu
Name = 曹宇,Name = Tao Vu
Name = 曹性,Name = Tao Tinh
Name = 曹昂,Name = Tao Ngang
Name = 曹芳,Name = Tao Phuong
Name = 曹洪,Name = Tao Hong
Name = 曹殷,Name = Tao An
Name = 曹真,Name = Tao Chan
Name = 曹純,Name = Tao Thuan
Name = 曹豹,Name = Tao Bao
Name = 曹淑,Name = Tao Thuc
Name = 曹爽,Name = Tao Sang
Name = 曹植,Name = Tao Thuc
Name = 曹華,Name = Tao Hoa
Name = 曹節,Name = Tao Tiet
Name = 曹羨,Name = Tao Tien
Name = 曹彰,Name = Tao Chuong
Name = 曹肇,Name = Tao Trieu
Name = 曹據,Name = Tao Cu
Name = 曹操,Name = Tao Thao
Name = 曹羲,Name = Tao Hi
Name = 曹遵,Name = Tao Tuan
Name = 曹叡,Name = Tao Due
Name = 梁習,Name = Luong Tap
Name = 梁興,Name = Luong Hung
Name = 梅成,Name = Mai Thanh
Name = 涼茂,Name = Luong Mau
Name = 淳于嘉,Name = Thuan Vu Gia
Name = 淳于導,Name = Thuan Vu Dao
Name = 淳于瓊,Name = Thuan Vu Quynh
Name = 畢軌,Name = Tat Quy
Name = 笮融,Name = Trach Dung
Name = 許子將,Name = Hua Tu Tuong
Name = 許攸,Name = Hua Du
Name = 許貢,Name = Hua Cong
Name = 許靖,Name = Hua Tinh
Name = 許褚,Name = Hua Chu
Name = 許儀,Name = Hua Nghi
Name = 逢紀,Name = Phung Ky
Name = 郭女王,Name = Quach Nu Vuong
Name = 郭石,Name = Quach Thach
Name = 郭汜,Name = Quach Ti
Name = 郭攸之,Name = Quach Du Chi
Name = 郭奕,Name = Quach Dich
Name = 郭淮,Name = Quach Hoai
Name = 郭嘉,Name = Quach Gia
Name = 郭圖,Name = Quach Do
Name = 郭槐,Name = Quach Hoe
Name = 陳式,Name = Tran Thuc
Name = 陳到,Name = Tran Dao
Name = 陳武,Name = Tran Vo
Name = 陳宮,Name = Tran Cung
Name = 陳泰,Name = Tran Thai
Name = 陳珪,Name = Tran Khue
Name = 陳雪,Name = Tran Tuyet
Name = 陳琳,Name = Tran Lam
Name = 陳登,Name = Tran Dang
Name = 陳群,Name = Tran Quan
Name = 陳瑀,Name = Tran Vu
Name = 陳震,Name = Tran Chan
Name = 陳橫,Name = Tran Hoanh
Name = 陳矯,Name = Tran Kieu
Name = 陳騫,Name = Tran Khien
Name = 陳蘭,Name = Tran Lan
Name = 陸抗,Name = Luc Khang
Name = 陸英,Name = Luc Anh
Name = 陸凱,Name = Luc Khai
Name = 陸遜,Name = Luc Ton
Name = 陸績,Name = Luc Tich
Name = 陶芷,Name = Dao Chi
Name = 陶濬,Name = Dao Tuan
Name = 陶謙,Name = Dao Khiem
Name = 傅士仁,Name = Pho Si Nhan
Name = 傅彤,Name = Pho Dong
Name = 傅巽,Name = Pho Ton
Name = 傅幹,Name = Pho Can
Name = 傅嬰,Name = Pho Anh
Name = 喬玄,Name = Kieu Huyen
Name = 喬喬,Name = Kieu Kieu
Name = 喬瑁,Name = Kieu Mao
Name = 焦觸,Name = Tieu Xuc
Name = 程武,Name = Trinh Vo
Name = 程秉,Name = Trinh Binh
Name = 程昱,Name = Trinh Duc
Name = 程普,Name = Trinh Pho
Name = 程遠志,Name = Trinh Vien Chi
Name = 程銀,Name = Trinh Ngan
Name = 華陀,Name = Hoa Da
Name = 華雄,Name = Hoa Hung
Name = 華歆,Name = Hoa Ham
Name = 貂蟬,Name = Dieu Thien
Name = 費詩,Name = Phi Thi
Name = 費褘,Name = Phi Huy
Name = 費耀,Name = Phi Dieu
Name = 賀齊,Name = Ha Te
Name = 鄂煥,Name = Ngac Hoan
Name = 馮習,Name = Phung Tap
Name = 黃忠,Name = Hoang Trung
Name = 黃祖,Name = Hoang To
Name = 黃強,Name = Hoang Cuong
Name = 黃皓,Name = Hoang Hao
Name = 黃舞蝶,Name = Hoang Vu Diep
Name = 黃蓋,Name = Hoang Cai
Name = 黃權,Name = Hoang Quyen
Name = 楊弘,Name = Duong Hoang
Name = 楊任,Name = Duong Nham
Name = 楊奉,Name = Duong Phung
Name = 楊昂,Name = Duong Ngang
Name = 楊松,Name = Duong Tung
Name = 楊阜,Name = Duong Phu
Name = 楊柏,Name = Duong Bach
Name = 楊秋,Name = Duong Thu
Name = 楊修,Name = Duong Tu
Name = 楊祚,Name = Duong To
Name = 楊彪,Name = Duong Buu
Name = 楊琦,Name = Duong Ky
Name = 楊儀,Name = Duong Nghi
Name = 楊密,Name = Duong Mat
Name = 楊醜,Name = Duong Suu
Name = 楊懷,Name = Duong Hoai
Name = 楊艷,Name = Duong Diem
Name = 董允,Name = Dong Duan
Name = 董卓,Name = Dong Trac
Name = 董和,Name = Dong Hoa
Name = 董宜,Name = Dong Nghi
Name = 董承,Name = Dong Thua
Name = 董旻,Name = Dong Man
Name = 董昭,Name = Dong Chieu
Name = 董厥,Name = Dong Quyet
Name = 董衡,Name = Dong Hanh
Name = 董襲,Name = Dong Tap
Name = 虞翻,Name = Ngu Phien
Name = 賈午,Name = Gia Ngo
Name = 賈充,Name = Gia Sung
Name = 賈南風,Name = Gia Nam Phong
Name = 賈荃,Name = Gia Thuyen
Name = 賈逵,Name = Gia Quy
Name = 賈華,Name = Gia Hoa
Name = 賈詡,Name = Gia Hu
Name = 賈範,Name = Gia Pham
Name = 賈黎民,Name = Gia Le Dan
Name = 賈濬,Name = Gia Tuan
Name = 鄒陀,Name = Trau Da
Name = 鄒圓,Name = Trau Vien
Name = 鄒靖,Name = Trau Tinh
Name = 雍闓,Name = Ung Khai
Name = 濘唚,Name = Ninh Tam
Name = 雷銅,Name = Loi Dong
Name = 雷薄,Name = Loi Bac
Name = 廖化,Name = Lieu Hoa
Name = 廖立,Name = Lieu Lap
Name = 廖琴,Name = Lieu Cam
Name = 滿寵,Name = Man Sung
Name = 甄宓,Name = Chan Mat
Name = 奪漸,Name = Doat Tiem
Name = 奪創,Name = Doat Sang
Name = 管輅,Name = Quan Lo
Name = 管寧,Name = Quan Ninh
Name = 臧洪,Name = Tang Hong
Name = 臧霸,Name = Tang Ba
Name = 裴元紹,Name = Bui Nguyen Thieu
Name = 趙弘,Name = Trieu Hoang
Name = 趙昂,Name = Trieu Ngang
Name = 趙統,Name = Trieu Thong
Name = 趙累,Name = Trieu Luy
Name = 趙雲,Name = Trieu Van
Name = 趙葳,Name = Trieu Uy
Name = 趙廣,Name = Trieu Quang
Name = 趙範,Name = Trieu Pham
Name = 蒯良,Name = Khoai Luong
Name = 蒯越,Name = Khoai Viet
Name = 劉巴,Name = Luu Ba
Name = 劉伶,Name = Luu Linh
Name = 劉陶,Name = Luu Dao
Name = 劉岱,Name = Luu Dai
Name = 劉延,Name = Luu Duyen
Name = 劉表,Name = Luu Bieu
Name = 劉封,Name = Luu Phong
Name = 劉度,Name = Luu Do
Name = 劉珠,Name = Luu Chau
Name = 劉焉,Name = Luu Yen
Name = 劉理,Name = Luu Ly
Name = 劉紹,Name = Luu Thieu
Name = 劉備,Name = Luu Bi
Name = 劉循,Name = Luu Tuan
Name = 劉琦,Name = Luu Ky
Name = 劉琮,Name = Luu Tong
Name = 劉虞,Name = Luu Ngu
Name = 劉辟,Name = Luu Tich
Name = 劉慧娘,Name = Luu Tue Nuong
Name = 劉瑩,Name = Luu Oanh
Name = 劉璋,Name = Luu Chuong
Name = 劉範,Name = Luu Pham
Name = 劉賢,Name = Luu Hien
Name = 劉勳,Name = Luu Huan
Name = 劉曄,Name = Luu Diep
Name = 劉禪,Name = Luu Thien
Name = 劉繇,Name = Luu Dieu
Name = 劉囂,Name = Luu Hieu
Name = 審配,Name = Tham Phoi
Name = 樊建,Name = Phan Kien
Name = 樊稠,Name = Phan Tru
Name = 樂進,Name = Nhac Tien
Name = 潘鳳,Name = Phan Phuong
Name = 潘璋,Name = Phan Chuong
Name = 潘濬,Name = Phan Tuan
Name = 潘隱,Name = Phan An
Name = 滕胤,Name = Dang Dan
Name = 滕麗,Name = Dang Le
Name = 稽康,Name = Ke Khang
Name = 蔣石,Name = Tuong Thach
Name = 蔣欽,Name = Tuong Kham
Name = 蔣舒,Name = Tuong Thu
Name = 蔣琬,Name = Tuong Uyen
Name = 蔣幹,Name = Tuong Can
Name = 蔣義渠,Name = Tuong Nghia Cu
Name = 蔣濟,Name = Tuong Te
Name = 蔡中,Name = Thai Trung
Name = 蔡和,Name = Thai Hoa
Name = 蔡邕,Name = Thai Ung
Name = 蔡陽,Name = Thai Duong
Name = 蔡琰,Name = Thai Diem
Name = 蔡瑁,Name = Thai Mao
Name = 蔡勳,Name = Thai Huan
Name = 蔡薇,Name = Thai Vi
Name = 諸葛均,Name = Chu Cat Quan
Name = 諸葛直,Name = Chu Cat Truc
Name = 諸葛芸,Name = Chu Cat Van
Name = 諸葛亮,Name = Chu Cat Luong
Name = 諸葛恪,Name = Chu Cat Khac
Name = 諸葛琪,Name = Chu Cat Ky
Name = 諸葛瑾,Name = Chu Cat Can
Name = 諸葛誕,Name = Chu Cat Dan
Name = 諸葛靚,Name = Chu Cat Tinh
Name = 鄧冰,Name = Dang Bang
Name = 鄧艾,Name = Dang Ngai
Name = 鄧忠,Name = Dang Trung
Name = 鄧芝,Name = Dang Chi
Name = 鄧茂,Name = Dang Mau
Name = 鄧賢,Name = Dang Hien
Name = 鄧颺,Name = Dang Duong
Name = 鞏志,Name = Cung Chi
Name = 鞏都,Name = Cung Do
Name = 魯珍,Name = Lo Tran
Name = 魯肅,Name = Lo Tuc
Name = 盧植,Name = Lu Thuc
Name = 穆順,Name = Muc Thuan
Name = 錢銅,Name = Tien Dong
Name = 閻宇,Name = Diem Vu
Name = 閻柔,Name = Diem Nhu
Name = 閻圃,Name = Diem Pho
Name = 閻芝,Name = Diem Chi
Name = 閻象,Name = Diem Tuong
Name = 閻溫,Name = Diem On
Name = 霍戈,Name = Hoac Qua
Name = 霍峻,Name = Hoac Tuan
Name = 駱俊,Name = Lac Tuan
Name = 駱統,Name = Lac Thong
Name = 鮑信,Name = Bao Tin
Name = 鮑隆,Name = Bao Long
Name = 戴員,Name = Dai Vien
Name = 戴陵,Name = Dai Lang
Name = 濮陽興,Name = Boc Duong Hung
Name = 糜竺,Name = Mi Truc
Name = 糜芳,Name = Mi Phuong
Name = 糜貞,Name = Mi Trinh
Name = 薛綜,Name = Tiet Tong
Name = 薛瑩,Name = Tiet Oanh
Name = 謝景,Name = Ta Canh
Name = 鍾紳,Name = Chung Than
Name = 鍾會,Name = Chung Hoi
Name = 鍾縉,Name = Chung Tan
Name = 鍾繇,Name = Chung Dieu
Name = 隱蕃,Name = An Phon
Name = 韓玄,Name = Han Huyen
Name = 韓忠,Name = Han Trung
Name = 韓浩,Name = Han Hao
Name = 韓嵩,Name = Han Tung
Name = 韓當,Name = Han Duong
Name = 韓遂,Name = Han Toai
Name = 韓福,Name = Han Phuc
Name = 韓暹,Name = Han Xiem
Name = 韓融,Name = Han Dung
Name = 韓黛,Name = Han Dai
Name = 韓馥,Name = Han Phuc
Name = 擾龍宗,Name = Nhieu Long Tong
Name = 簡雍,Name = Gian Ung
Name = 聶友,Name = Nhiep Huu
Name = 顏良,Name = Nhan Luong
Name = 魏攸,Name = Nguy Du
Name = 魏延,Name = Nguy Duyen
Name = 魏諷,Name = Nguy Phung
Name = 魏騰,Name = Nguy Dang
Name = 魏續,Name = Nguy Tuc
Name = 龐統,Name = Bang Thong
Name = 龐義,Name = Bang Nghia
Name = 龐德,Name = Bang Duc
Name = 譚雄,Name = Dam Hung
Name = 譙周,Name = Tieu Chu
Name = 邊張,Name = Bien Truong
Name = 關平,Name = Quan Binh
Name = 關羽,Name = Quan Vu
Name = 關索,Name = Quan Tac
Name = 關統,Name = Quan Thong
Name = 關鳳,Name = Quan Phuong
Name = 關興,Name = Quan Hung
Name = 麴義,Name = Khuc Nghia
Name = 麴演,Name = Khuc Dien
Name = 禰衡,Name = Di Hanh
Name = 嚴白虎,Name = Nghiem Bach Ho
Name = 嚴如意,Name = Nghiem Nhu Y
Name = 嚴政,Name = Nghiem Chinh
Name = 嚴畯,Name = Nghiem Tuan
Name = 嚴綱,Name = Nghiem Cuong
Name = 嚴輿,Name = Nghiem Du
Name = 嚴顏,Name = Nghiem Nhan
Name = 蘇飛,Name = To Phi
Name = 闞澤,Name = Ham Trach
Name = 顧雍,Name = Co Ung
Name = 龔英蓮,Name = Cung Anh Lien
Name = 龔都,Name = Cung Do
Name = 龔景,Name = Cung Canh
Name = 丘力居,Name = Khau Luc Cu
Name = 北宮伯玉,Name = Bac Cung Ba Ngoc
Name = 去卑,Name = Khu Ti
Name = 白虎文,Name = Bach Ho Van
Name = 步度根,Name = Bo Do Can
Name = 拓拔力微,Name = Thac Bat Luc Vi
Name = 於扶羅,Name = Vu Phu La
Name = 越吉,Name = Viet Cat
Name = 雅丹,Name = Nha Dan
Name = 徹里吉,Name = Triet Li Cat
Name = 苻健,Name = Phu Kien
Name = 素利,Name = To Loi
Name = 能臣抵之,Name = Nang Than De Chi
Name = 厥機,Name = Quyet Co
Name = 普盧,Name = Pho Lu
Name = 無臣氐,Name = Vo Than De
Name = 彌加,Name = Di Gia
Name = 左賢王,Name = Ta Hien Vuong
Name = 那樓,Name = Na Lau
Name = 呼廚泉,Name = Ho Tru Tuyen
Name = 速僕丸,Name = Toc Pho Hoan
Name = 樓班,Name = Lau Ban
Name = 蹋頓,Name = Dap Don
Name = 泄歸泥,Name = Tiet Quy Ne
Name = 治元多,Name = Tri Nguyen Da
Name = 治無戴,Name = Tri Vo Dai
Name = 千萬,Name = Thien Van
Name = 俄何燒戈,Name = Nga Ha Thieu Qua
Name = 月牙兒,Name = Nguyet Nha Nhi
Name = 依爾倫,Name = Y Nhi Luan
Name = 喀麗兒,Name = Khach Le Nhi
Name = 呼蘭,Name = Ho Lan
Name = 葉絲婉,Name = Diep Ti Uyen
Name = 華黎,Name = Hoa Le
Name = 穆塔兒,Name = Muc Thap Nhi
Name = 預備13,Name = Du Bi 13
Name = 預備14,Name = Du Bi 14
Name = 預備15,Name = Du Bi 15
Name = 預備16,Name = Du Bi 16
Name = 預備17,Name = Du Bi 17
Name = 預備18,Name = Du Bi 18
Name = 預備19,Name = Du Bi 19
Name = 預備20,Name = Du Bi 20
Name = 兀突骨,Name = Ngot Dot Cot
Name = 孟香,Name = Manh Huong
Name = 孟優,Name = Manh Uu
Name = 孟獲,Name = Manh Hoach
Name = 祝融夫人,Name = Chuc Dung Phu Nhan
Name = 木鹿大王,Name = Moc Loc Dai Vuong
Name = 朵思大王,Name = Doa Tu Dai Vuong
Name = 沙摩柯,Name = Sa Ma Kha
Name = 金環三結,Name = Kim Hoan Tam Ket
Name = 迷當大王,Name = Me Duong Dai Vuong
Name = 帶來洞主,Name = Dai Lai Dong Chu
Name = 忙牙長,Name = Mang Nha Truong
Name = 阿會喃,Name = A Hoi Nam
Name = 董荼那,Name = Dong Do Na
Name = 軻比能,Name = Kha Bi Nang
Name = 孟鷹,Name = Manh Ung
Name = 孟狼,Name = Manh Lang
Name = 黑龍洞主,Name = Hac Long Dong Chu
Name = 孟節,Name = Manh Tiet
Name = 哈尼,Name = Cap Ni
Name = 楊鋒,Name = Duong Phong
Name = 孔雀,Name = Khong Tuoc
Name = 阿詩瑪,Name = A Thi Ma
Name = 莎雅,Name = Toa Nha
Name = 麻荷蘿,Name = Ma Ha La
Name = 銀花夫人,Name = Ngan Hoa Phu Nhan
Name = 翠娃,Name = Thuy Oa
Name = 預備8,Name = Du Bi 8
Name = 預備9,Name = Du Bi 9
Name = 預備10,Name = Du Bi 10
Name = 預備11,Name = Du Bi 11
Name = 預備12,Name = Du Bi 12
Name = 預備13,Name = Du Bi 13
Name = 預備14,Name = Du Bi 14
Name = 預備15,Name = Du Bi 15
Name = 預備16,Name = Du Bi 16
Name = 預備17,Name = Du Bi 17
Name = 預備18,Name = Du Bi 18
Name = 預備19,Name = Du Bi 19
Name = 預備20,Name = Du Bi 20
Name = 須佐之男,Name = Tu Ta Chi Nam
Name = 大國主,Name = Dai Quoc Chu
Name = 建御名方,Name = Kien Ngu Danh Phuong
Name = 少彥名,Name = Thieu Ngan Danh
Name = 大物主,Name = Dai Vat Chu
Name = 建御雷,Name = Kien Ngu Loi
Name = 邇邇藝,Name = Nhi Nhi Nghe
Name = 山幸彥,Name = Son Hanh Ngan
Name = 海幸彥,Name = Hai Hanh Ngan
Name = 天手力男,Name = Thien Thu Luc Nam
Name = 小碓皇子,Name = Tieu Doi Hoang Tu
Name = 迦具土,Name = Gia Cu Tho
Name = 大山津見,Name = Dai Son Tan Kien
Name = 久久能智,Name = Cuu Cuu Nang Tri
Name = 志那都彥,Name = Chi Na Do Ngan
Name = 棉津見,Name = Mien Tan Kien
Name = 阿曇,Name = A Dam
Name = 隼人,Name = Chuan Nhan
Name = 神武,Name = Than Vo
Name = 五瀨,Name = Ngu Lai
Name = 月讀,Name = Nguyet Doc
Name = 玉依姬,Name = Ngoc Y Co
Name = 市寸島姬,Name = Thi Thon Dao Co
Name = 多紀理姬,Name = Da Ky Ly Co
Name = 多岐都姬,Name = Da Ky Do Co
Name = 佐久夜姬,Name = Ta Cuu Da Co
Name = 弟橘姬,Name = De Quat Co
Name = 須勢理姬,Name = Tu The Ly Co
Name = 豐玉姬,Name = Phong Ngoc Co
Name = 櫛名田姬,Name = Trat Danh Dien Co
Name = 卑彌呼,Name = Ti Di Ho
Name = 賊將,Name = Tac Tuong
Name = 叛將,Name = Ban Tuong
Name = 貪官,Name = Tham Quan
Name = 女賊,Name = Nu Tac
Name = 變民,Name = Bien Dan
Name = 山寨大王,Name = Son Trai Dai Vuong
Name = 蠻族酋長,Name = Man Toc Tu Truong
Name = 叛國老賊,Name = Ban Quoc Lao Tac
Name = 絕代惡女,Name = Tuyet Dai Ac Nu
Name = 匈奴單于,Name = Hung No Dan Vu
Name = 山賊王,Name = Son Tac Vuong
Name = 山賊,Name = Son Tac
Name = 沉船,Name = Tram Thuyen
Name = 老虎,Name = Lao Ho
Name = 巨虎,Name = Cu Ho
Name = 食人虎,Name = Thuc Nhan Ho
Name = 虎王,Name = Ho Vuong
Name = 妖虎,Name = Yeu Ho
Name = 水妖,Name = Thuy Yeu
Name = 大水妖,Name = Dai Thuy Yeu
Name = 巨水妖,Name = Cu Thuy Yeu
Name = 水妖王,Name = Thuy Yeu Vuong
Name = 水妖皇,Name = Thuy Yeu Hoang
Name = 白玉麒麟,Name = Bach Ngoc Ky Lan
Name = 天馬,Name = Thien Ma
Name = 龍馬,Name = Long Ma
Name = 四不像,Name = Tu Bat Tuong
Name = 窮奇,Name = Cung Ky
Name = 青龍,Name = Thanh Long
Name = 白虎,Name = Bach Ho
Name = 朱雀,Name = Chu Tuoc
Name = 玄武,Name = Huyen Vo
Name = 麒麟,Name = Ky Lan
Name = 影青龍,Name = Anh Thanh Long
Name = 影白虎,Name = Anh Bach Ho
Name = 影朱雀,Name = Anh Chu Tuoc
Name = 影玄武,Name = Anh Huyen Vo
Name = 影麒麟,Name = Anh Ky Lan
Name = 鰍貌橾珈,Name = Thu Mao Æ©ï¿½ 
Name = 普靜,Name = Pho Tinh
Name = 于吉,Name = Vu Cat
Name = 桃源大仙,Name = Dao Nguyen Dai Tien
Name = 仙道,Name = Tien Dao
Name = 散仙,Name = Tan Tien
Name = 大仙,Name = Dai Tien
Name = 神仙,Name = Than Tien
Name = 天仙,Name = Thien Tien
Name = 石碑,Name = Thach Bi
Name = 黃月英,Name = Hoang Nguyet Anh
Name = 聚寶洞府,Name = Tu Bao Dong Phu
Name = 聚寶大仙,Name = Tu Bao Dai Tien
Name = 預備01,Name = Du Bi 01
Name = 預備02,Name = Du Bi 02
Name = 預備03,Name = Du Bi 03
Name = 預備04,Name = Du Bi 04
Name = 預備05,Name = Du Bi 05
Name = 預備06,Name = Du Bi 06
Name = 預備07,Name = Du Bi 07
Name = 預備08,Name = Du Bi 08
Name = 預備09,Name = Du Bi 09
Name = 預備10,Name = Du Bi 10
Name = 赤夜叉1,Name = Xich Da Xoa 1
Name = 赤夜叉2,Name = Xich Da Xoa 2
Name = 尖牙鬼虎1,Name = Tiem Nha Quy Ho 1
Name = 赤夜叉3,Name = Xich Da Xoa 3
Name = 尖牙鬼虎2,Name = Tiem Nha Quy Ho 2
Name = 金甲妖龍1,Name = Kim Giap Yeu Long 1
Name = 金甲妖龍2,Name = Kim Giap Yeu Long 2
Name = 金甲妖龍3,Name = Kim Giap Yeu Long 3
Name = 金甲妖龍4,Name = Kim Giap Yeu Long 4
Name = 金甲妖龍5,Name = Kim Giap Yeu Long 5
Name = 鬼面蜘蛛1,Name = Quy Dien Tri Chu 1
Name = 血焰火蟻1,Name = Huyet Diem Hoa Nghi 1
Name = 鬼面蜘蛛2,Name = Quy Dien Tri Chu 2
Name = 鬼面蜘蛛3,Name = Quy Dien Tri Chu 3
Name = 太歲1,Name = Thai Tue 1
Name = 黑玉妖蟒1,Name = Hac Ngoc Yeu Mang 1
Name = 黑玉妖蟒2,Name = Hac Ngoc Yeu Mang 2
Name = 赤蟒1,Name = Xich Mang 1
Name = 黑玉妖蟒3,Name = Hac Ngoc Yeu Mang 3
Name = 赤蟒2,Name = Xich Mang 2
Name = 先秦屍將1,Name = Tien Tan Thi Tuong 1
Name = 先秦屍將2,Name = Tien Tan Thi Tuong 2
Name = 先秦屍將3,Name = Tien Tan Thi Tuong 3
Name = 先秦屍將4,Name = Tien Tan Thi Tuong 4
Name = 先秦屍將5,Name = Tien Tan Thi Tuong 5
Name = 血焰火蟻2,Name = Huyet Diem Hoa Nghi 2
Name = 血焰火蟻3,Name = Huyet Diem Hoa Nghi 3
Name = 赤夜叉4,Name = Xich Da Xoa 4
Name = 血焰火蟻4,Name = Huyet Diem Hoa Nghi 4
Name = 赤夜叉5,Name = Xich Da Xoa 5
Name = 白狼王1,Name = Bach Lang Vuong 1
Name = 白狼王2,Name = Bach Lang Vuong 2
Name = 白狼王3,Name = Bach Lang Vuong 3
Name = 白狼王4,Name = Bach Lang Vuong 4
Name = 白狼王5,Name = Bach Lang Vuong 5
Name = 血焰火蟻5,Name = Huyet Diem Hoa Nghi 5
Name = 血焰火蟻6,Name = Huyet Diem Hoa Nghi 6
Name = 血焰火蟻7,Name = Huyet Diem Hoa Nghi 7
Name = 血焰火蟻8,Name = Huyet Diem Hoa Nghi 8
Name = 血焰火蟻9,Name = Huyet Diem Hoa Nghi 9
Name = 先秦屍將6,Name = Tien Tan Thi Tuong 6
Name = 先秦屍將7,Name = Tien Tan Thi Tuong 7
Name = 先秦屍將8,Name = Tien Tan Thi Tuong 8
Name = 先秦屍將9,Name = Tien Tan Thi Tuong 9
Name = 先秦屍將10,Name = Tien Tan Thi Tuong 10
Name = 青羅剎1,Name = Thanh La Sat 1
Name = 青羅剎2,Name = Thanh La Sat 2
Name = 青羅剎3,Name = Thanh La Sat 3
Name = 鬼面蜘蛛4,Name = Quy Dien Tri Chu 4
Name = 黑玉妖蟒4,Name = Hac Ngoc Yeu Mang 4
Name = 噬人巨熊1,Name = Phe Nhan Cu Hung 1
Name = 噬人巨熊2,Name = Phe Nhan Cu Hung 2
Name = 噬人巨熊3,Name = Phe Nhan Cu Hung 3
Name = 噬人巨熊4,Name = Phe Nhan Cu Hung 4
Name = 噬人巨熊5,Name = Phe Nhan Cu Hung 5
Name = 鬼面蜘蛛5,Name = Quy Dien Tri Chu 5
Name = 鬼面蜘蛛6,Name = Quy Dien Tri Chu 6
Name = 黑玉妖蟒5,Name = Hac Ngoc Yeu Mang 5
Name = 黑玉妖蟒6,Name = Hac Ngoc Yeu Mang 6
Name = 黑玉妖蟒7,Name = Hac Ngoc Yeu Mang 7
Name = 金甲妖龍6,Name = Kim Giap Yeu Long 6
Name = 金甲妖龍7,Name = Kim Giap Yeu Long 7
Name = 青羅剎4,Name = Thanh La Sat 4
Name = 金甲妖龍8,Name = Kim Giap Yeu Long 8
Name = 黑玉妖蟒8,Name = Hac Ngoc Yeu Mang 8
Name = 太歲2,Name = Thai Tue 2
Name = 鬼面蜘蛛7,Name = Quy Dien Tri Chu 7
Name = 太歲3,Name = Thai Tue 3
Name = 太歲4,Name = Thai Tue 4
Name = 太歲5,Name = Thai Tue 5
Name = 黑玉妖蟒9,Name = Hac Ngoc Yeu Mang 9
Name = 黑玉妖蟒10,Name = Hac Ngoc Yeu Mang 10
Name = 黑玉妖蟒11,Name = Hac Ngoc Yeu Mang 11
Name = 黑玉妖蟒12,Name = Hac Ngoc Yeu Mang 12
Name = 黑玉妖蟒13,Name = Hac Ngoc Yeu Mang 13
Name = 噬人巨熊6,Name = Phe Nhan Cu Hung 6
Name = 噬人巨熊7,Name = Phe Nhan Cu Hung 7
Name = 噬人巨熊8,Name = Phe Nhan Cu Hung 8
Name = 噬人巨熊9,Name = Phe Nhan Cu Hung 9
Name = 噬人巨熊10,Name = Phe Nhan Cu Hung 10
Name = 大花豹1,Name = Dai Hoa Bao 1
Name = 大花豹2,Name = Dai Hoa Bao 2
Name = 大花豹3,Name = Dai Hoa Bao 3
Name = 大花豹4,Name = Dai Hoa Bao 4
Name = 大花豹5,Name = Dai Hoa Bao 5
Name = 赤蟒3,Name = Xich Mang 3
Name = 赤蟒4,Name = Xich Mang 4
Name = 金甲妖龍9,Name = Kim Giap Yeu Long 9
Name = 金甲妖龍10,Name = Kim Giap Yeu Long 10
Name = 赤蟒5,Name = Xich Mang 5
Name = 太歲6,Name = Thai Tue 6
Name = 太歲7,Name = Thai Tue 7
Name = 太歲8,Name = Thai Tue 8
Name = 太歲9,Name = Thai Tue 9
Name = 太歲10,Name = Thai Tue 10
Name = 尖牙鬼虎3,Name = Tiem Nha Quy Ho 3
Name = 尖牙鬼虎4,Name = Tiem Nha Quy Ho 4
Name = 尖牙鬼虎5,Name = Tiem Nha Quy Ho 5
Name = 大花豹6,Name = Dai Hoa Bao 6
Name = 大花豹7,Name = Dai Hoa Bao 7
Name = 尖牙鬼虎6,Name = Tiem Nha Quy Ho 6
Name = 尖牙鬼虎7,Name = Tiem Nha Quy Ho 7
Name = 尖牙鬼虎8,Name = Tiem Nha Quy Ho 8
Name = 尖牙鬼虎9,Name = Tiem Nha Quy Ho 9
Name = 尖牙鬼虎10,Name = Tiem Nha Quy Ho 10
Name = 赤夜叉6,Name = Xich Da Xoa 6
Name = 赤夜叉7,Name = Xich Da Xoa 7
Name = 赤夜叉8,Name = Xich Da Xoa 8
Name = 赤夜叉9,Name = Xich Da Xoa 9
Name = 赤夜叉10,Name = Xich Da Xoa 10
Name = 先秦屍將11,Name = Tien Tan Thi Tuong 11
Name = 先秦屍將12,Name = Tien Tan Thi Tuong 12
Name = 先秦屍將13,Name = Tien Tan Thi Tuong 13
Name = 先秦屍將14,Name = Tien Tan Thi Tuong 14
Name = 先秦屍將15,Name = Tien Tan Thi Tuong 15
Name = 太歲11,Name = Thai Tue 11
Name = 太歲12,Name = Thai Tue 12
Name = 太歲13,Name = Thai Tue 13
Name = 太歲14,Name = Thai Tue 14
Name = 太歲15,Name = Thai Tue 15
Name = 金甲妖龍11,Name = Kim Giap Yeu Long 11
Name = 金甲妖龍12,Name = Kim Giap Yeu Long 12
Name = 金甲妖龍13,Name = Kim Giap Yeu Long 13
Name = 金甲妖龍14,Name = Kim Giap Yeu Long 14
Name = 金甲妖龍15,Name = Kim Giap Yeu Long 15
Name = 巨雪熊1,Name = Cu Tuyet Hung 1
Name = 巨雪熊2,Name = Cu Tuyet Hung 2
Name = 巨雪熊3,Name = Cu Tuyet Hung 3
Name = 巨雪熊4,Name = Cu Tuyet Hung 4
Name = 巨雪熊5,Name = Cu Tuyet Hung 5
Name = 先秦屍將16,Name = Tien Tan Thi Tuong 16
Name = 先秦屍將17,Name = Tien Tan Thi Tuong 17
Name = 先秦屍將18,Name = Tien Tan Thi Tuong 18
Name = 先秦屍將19,Name = Tien Tan Thi Tuong 19
Name = 先秦屍將20,Name = Tien Tan Thi Tuong 20
Name = 先秦屍將21,Name = Tien Tan Thi Tuong 21
Name = 先秦屍將22,Name = Tien Tan Thi Tuong 22
Name = 先秦屍將23,Name = Tien Tan Thi Tuong 23
Name = 先秦屍將24,Name = Tien Tan Thi Tuong 24
Name = 先秦屍將25,Name = Tien Tan Thi Tuong 25
Name = 金甲妖龍16,Name = Kim Giap Yeu Long 16
Name = 金甲妖龍17,Name = Kim Giap Yeu Long 17
Name = 金甲妖龍18,Name = Kim Giap Yeu Long 18
Name = 金甲妖龍19,Name = Kim Giap Yeu Long 19
Name = 金甲妖龍20,Name = Kim Giap Yeu Long 20
Name = 青羅剎5,Name = Thanh La Sat 5
Name = 青羅剎6,Name = Thanh La Sat 6
Name = 青羅剎7,Name = Thanh La Sat 7
Name = 青羅剎8,Name = Thanh La Sat 8
Name = 青羅剎9,Name = Thanh La Sat 9
Name = 黑玉妖蟒14,Name = Hac Ngoc Yeu Mang 14
Name = 黑玉妖蟒15,Name = Hac Ngoc Yeu Mang 15
Name = 黑玉妖蟒16,Name = Hac Ngoc Yeu Mang 16
Name = 黑玉妖蟒17,Name = Hac Ngoc Yeu Mang 17
Name = 黑玉妖蟒18,Name = Hac Ngoc Yeu Mang 18
Name = 张让,Name = Truong Nhuong
Name = 夏恽,Name = Ha Uan
Name = 廖吨,Name = Quach Thang
Name = 梊笳,Name = Trieu Trung
Name = 呤靚,Name = Ton Chuong
Name = 白狼王6,Name = Bach Lang Vuong 6
Name = 白狼王7,Name = Bach Lang Vuong 7
Name = 白狼王8,Name = Bach Lang Vuong 8
Name = 白狼王9,Name = Bach Lang Vuong 9
Name = 白狼王10,Name = Bach Lang Vuong 10
Name = 太歲16,Name = Thai Tue 16
Name = 太歲17,Name = Thai Tue 17
Name = 太歲18,Name = Thai Tue 18
Name = 大花豹8,Name = Dai Hoa Bao 8
Name = 青羅剎10,Name = Thanh La Sat 10
Name = 青鱗水妖1,Name = Thanh Lan Thuy Yeu 1
Name = 青鱗水妖2,Name = Thanh Lan Thuy Yeu 2
Name = 青鱗水妖3,Name = Thanh Lan Thuy Yeu 3
Name = 青鱗水妖4,Name = Thanh Lan Thuy Yeu 4
Name = 青鱗水妖5,Name = Thanh Lan Thuy Yeu 5
Name = 巨雪熊6,Name = Cu Tuyet Hung 6
Name = 巨雪熊7,Name = Cu Tuyet Hung 7
Name = 巨雪熊8,Name = Cu Tuyet Hung 8
Name = 巨雪熊9,Name = Cu Tuyet Hung 9
Name = 巨雪熊10,Name = Cu Tuyet Hung 10
Name = 青羅剎11,Name = Thanh La Sat 11
Name = 青羅剎12,Name = Thanh La Sat 12
Name = 青羅剎13,Name = Thanh La Sat 13
Name = 青羅剎14,Name = Thanh La Sat 14
Name = 青羅剎15,Name = Thanh La Sat 15
Name = 赤夜叉11,Name = Xich Da Xoa 11
Name = 赤夜叉12,Name = Xich Da Xoa 12
Name = 赤夜叉13,Name = Xich Da Xoa 13
Name = 赤夜叉14,Name = Xich Da Xoa 14
Name = 赤夜叉15,Name = Xich Da Xoa 15
Name = 金甲妖龍41,Name = Kim Giap Yeu Long 41
Name = 金甲妖龍42,Name = Kim Giap Yeu Long 42
Name = 金甲妖龍43,Name = Kim Giap Yeu Long 43
Name = 金甲妖龍44,Name = Kim Giap Yeu Long 44
Name = 金甲妖龍45,Name = Kim Giap Yeu Long 45
Name = 預備06,Name = Du Bi 06
Name = 預備07,Name = Du Bi 07
Name = 預備08,Name = Du Bi 08
Name = 預備09,Name = Du Bi 09
Name = 預備10,Name = Du Bi 10
Name = 祝公道,Name = Chuc Cong Dao
Name = 段浪,Name = Doan Lang
Name = 萧刃,Name = Tieu Nhan
Name = 淳于尚,Name = Thuan Vu Thuong
Name = 卜虎,Name = Bac Ho
Name = 紫衣,Name = Tu Y
Name = 預備01,Name = Du Bi 01
Name = 預備02,Name = Du Bi 02
Name = 預備03,Name = Du Bi 03
Name = 預備04,Name = Du Bi 04
Name = 預備05,Name = Du Bi 05
Name = 預備06,Name = Du Bi 06
Name = 預備07,Name = Du Bi 07
Name = 預備08,Name = Du Bi 08
Name = 預備09,Name = Du Bi 09
Name = 預備10,Name = Du Bi 10
Name = 于氐根,Name = Vu De Can
Name = 沙漠土匪1,Name = Sa Mac Tho Phi 1
Name = 沙漠土匪2,Name = Sa Mac Tho Phi 2
Name = 沙漠土匪3,Name = Sa Mac Tho Phi 3
Name = 沙漠土匪4,Name = Sa Mac Tho Phi 4
Name = 難樓,Name = Nan Lau
Name = 沙漠土匪5,Name = Sa Mac Tho Phi 5
Name = 沙漠土匪6,Name = Sa Mac Tho Phi 6
Name = 沙漠土匪7,Name = Sa Mac Tho Phi 7
Name = 沙漠土匪8,Name = Sa Mac Tho Phi 8
Name = 褚飛燕,Name = Chu Phi Yen
Name = 惡棍頭頭1,Name = Ac Con Dau Dau 1
Name = 惡棍頭頭2,Name = Ac Con Dau Dau 2
Name = 蒙面大盜1,Name = Mong Dien Dai Dao 1
Name = 蒙面大盜2,Name = Mong Dien Dai Dao 2
Name = 郭大賢,Name = Quach Dai Hien
Name = 山賊頭子1,Name = Son Tac Dau Tu 1
Name = 山賊頭子2,Name = Son Tac Dau Tu 2
Name = 山賊頭子3,Name = Son Tac Dau Tu 3
Name = 山賊頭子4,Name = Son Tac Dau Tu 4
Name = 雷公,Name = Loi Cong
Name = 海賊殺手1,Name = Hai Tac Sat Thu 1
Name = 海賊殺手2,Name = Hai Tac Sat Thu 2
Name = 海賊殺手3,Name = Hai Tac Sat Thu 3
Name = 海賊殺手4,Name = Hai Tac Sat Thu 4
Name = 李大目,Name = Ly Dai Muc
Name = 山賊頭子5,Name = Son Tac Dau Tu 5
Name = 山賊頭子6,Name = Son Tac Dau Tu 6
Name = 山賊頭子7,Name = Son Tac Dau Tu 7
Name = 山賊頭子8,Name = Son Tac Dau Tu 8
Name = 區星,Name = Khu Tinh
Name = 海賊殺手5,Name = Hai Tac Sat Thu 5
Name = 海賊殺手6,Name = Hai Tac Sat Thu 6
Name = 海賊頭目1,Name = Hai Tac Dau Muc 1
Name = 海賊頭目2,Name = Hai Tac Dau Muc 2
Name = 玲玲,Name = Linh Linh
Name = 女賊首領1,Name = Nu Tac Thu Linh 1
Name = 女賊首領2,Name = Nu Tac Thu Linh 2
Name = 女賊首領3,Name = Nu Tac Thu Linh 3
Name = 蒙面大盜3,Name = Mong Dien Dai Dao 3
Name = 蘭蘭,Name = Lan Lan
Name = 蒙面大盜4,Name = Mong Dien Dai Dao 4
Name = 蒙面大盜5,Name = Mong Dien Dai Dao 5
Name = 女賊首領4,Name = Nu Tac Thu Linh 4
Name = 女賊首領5,Name = Nu Tac Thu Linh 5
Name = 昌豨,Name = Xuong Hi
Name = 山賊頭子9,Name = Son Tac Dau Tu 9
Name = 山賊頭子10,Name = Son Tac Dau Tu 10
Name = 山賊頭子11,Name = Son Tac Dau Tu 11
Name = 山賊頭子12,Name = Son Tac Dau Tu 12
Name = 毕岚,Name = Tat Lam
Name = 栗嵩,Name = Lat Tung
Name = 段圭,Name = Doan Khue
Name = 高望,Name = Cao Vong
Name = 张恭,Name = Truong Cung
Name = 碧月,Name = Bich Nguyet
Name = 蒙面大盜8,Name = Mong Dien Dai Dao 8
Name = 蒙面大盜9,Name = Mong Dien Dai Dao 9
Name = 女賊首領6,Name = Nu Tac Thu Linh 6
Name = 女賊首領7,Name = Nu Tac Thu Linh 7
Name = 雷緒,Name = Loi Tu
Name = 海賊殺手7,Name = Hai Tac Sat Thu 7
Name = 海賊殺手8,Name = Hai Tac Sat Thu 8
Name = 海賊殺手9,Name = Hai Tac Sat Thu 9
Name = 海賊殺手10,Name = Hai Tac Sat Thu 10
Name = 吐悉泥,Name = Tho Tat Ne
Name = 山賊強人1,Name = Son Tac Cuong Nhan 1
Name = 山賊強人2,Name = Son Tac Cuong Nhan 2
Name = 山賊強人3,Name = Son Tac Cuong Nhan 3
Name = 山賊強人4,Name = Son Tac Cuong Nhan 4
Name = 塔郎,Name = Thap Lang
Name = 山賊強人5,Name = Son Tac Cuong Nhan 5
Name = 山賊強人6,Name = Son Tac Cuong Nhan 6
Name = 山賊頭子13,Name = Son Tac Dau Tu 13
Name = 山賊頭子14,Name = Son Tac Dau Tu 14
Name = 申雄,Name = Than Hung
Name = 惡棍頭頭5,Name = Ac Con Dau Dau 5
Name = 惡棍頭頭6,Name = Ac Con Dau Dau 6
Name = 惡棍頭頭7,Name = Ac Con Dau Dau 7
Name = 惡棍頭頭8,Name = Ac Con Dau Dau 8
Name = 管承,Name = Quan Thua
Name = 海賊殺手11,Name = Hai Tac Sat Thu 11
Name = 海賊頭目3,Name = Hai Tac Dau Muc 3
Name = 海賊殺手12,Name = Hai Tac Sat Thu 12
Name = 蒙面大盜10,Name = Mong Dien Dai Dao 10
Name = 洪達,Name = Hong Dat
Name = 山賊頭子15,Name = Son Tac Dau Tu 15
Name = 山賊頭子16,Name = Son Tac Dau Tu 16
Name = 山賊頭子17,Name = Son Tac Dau Tu 17
Name = 山賊頭子18,Name = Son Tac Dau Tu 18
Name = 預備01,Name = Du Bi 01
Name = 預備02,Name = Du Bi 02
Name = 預備03,Name = Du Bi 03
Name = 預備04,Name = Du Bi 04
Name = 預備05,Name = Du Bi 05
Name = 預備06,Name = Du Bi 06
Name = 預備07,Name = Du Bi 07
Name = 預備08,Name = Du Bi 08
Name = 預備09,Name = Du Bi 09
Name = 預備10,Name = Du Bi 10
Name = 霸王项羽,Name = Ba Vuong Hang Vu
Name = 沙漠土匪8,Name = Sa Mac Tho Phi 8
Name = 沙漠土匪9,Name = Sa Mac Tho Phi 9
Name = 沙漠土匪10,Name = Sa Mac Tho Phi 10
Name = 沙漠土匪11,Name = Sa Mac Tho Phi 11
Name = 沙漠土匪12,Name = Sa Mac Tho Phi 12
Name = 黥布,Name = Kinh Bo
Name = 沙漠土匪13,Name = Sa Mac Tho Phi 13
Name = 沙漠土匪14,Name = Sa Mac Tho Phi 14
Name = 沙漠土匪15,Name = Sa Mac Tho Phi 15
Name = 沙漠土匪16,Name = Sa Mac Tho Phi 16
Name = 项伯,Name = Hang Ba
Name = 惡棍頭頭9,Name = Ac Con Dau Dau 9
Name = 惡棍頭頭10,Name = Ac Con Dau Dau 10
Name = 蒙面大盜11,Name = Mong Dien Dai Dao 11
Name = 蒙面大盜12,Name = Mong Dien Dai Dao 12
Name = 项梁,Name = Hang Luong
Name = 山賊頭子19,Name = Son Tac Dau Tu 19
Name = 山賊頭子20,Name = Son Tac Dau Tu 20
Name = 山賊頭子21,Name = Son Tac Dau Tu 21
Name = 山賊頭子22,Name = Son Tac Dau Tu 22
Name = 项庄,Name = Hang Trang
Name = 海賊殺手13,Name = Hai Tac Sat Thu 13
Name = 海賊殺手14,Name = Hai Tac Sat Thu 14
Name = 海賊殺手15,Name = Hai Tac Sat Thu 15
Name = 海賊殺手16,Name = Hai Tac Sat Thu 16
Name = 项声,Name = Hang Thanh
Name = 山賊頭子23,Name = Son Tac Dau Tu 23
Name = 山賊頭子24,Name = Son Tac Dau Tu 24
Name = 山賊頭子25,Name = Son Tac Dau Tu 25
Name = 山賊頭子26,Name = Son Tac Dau Tu 26
Name = 章邯,Name = Chuong Ham
Name = 海賊殺手17,Name = Hai Tac Sat Thu 17
Name = 海賊殺手18,Name = Hai Tac Sat Thu 18
Name = 海賊頭目4,Name = Hai Tac Dau Muc 4
Name = 海賊頭目5,Name = Hai Tac Dau Muc 5
Name = 钟离昧,Name = Chung Ly Muoi
Name = 女賊首領8,Name = Nu Tac Thu Linh 8
Name = 女賊首領9,Name = Nu Tac Thu Linh 9
Name = 女賊首領10,Name = Nu Tac Thu Linh 10
Name = 蒙面大盜13,Name = Mong Dien Dai Dao 13
Name = 董翳,Name = Dong E
Name = 蒙面大盜14,Name = Mong Dien Dai Dao 14
Name = 蒙面大盜15,Name = Mong Dien Dai Dao 15
Name = 女賊首領11,Name = Nu Tac Thu Linh 11
Name = 女賊首領12,Name = Nu Tac Thu Linh 12
Name = 范增,Name = Pham Tang
Name = 山賊頭子27,Name = Son Tac Dau Tu 27
Name = 山賊頭子28,Name = Son Tac Dau Tu 28
Name = 山賊頭子29,Name = Son Tac Dau Tu 29
Name = 山賊頭子30,Name = Son Tac Dau Tu 30
Name = 司马欣,Name = Tu Ma Han
Name = 惡棍頭頭11,Name = Ac Con Dau Dau 11
Name = 蒙面大盜16,Name = Mong Dien Dai Dao 16
Name = 惡棍頭頭12,Name = Ac Con Dau Dau 12
Name = 蒙面大盜17,Name = Mong Dien Dai Dao 17
Name = 高祖刘邦,Name = Cao To Luu Bang
Name = 蒙面大盜18,Name = Mong Dien Dai Dao 18
Name = 蒙面大盜19,Name = Mong Dien Dai Dao 19
Name = 女賊首領13,Name = Nu Tac Thu Linh 13
Name = 女賊首領14,Name = Nu Tac Thu Linh 14
Name = 韩信,Name = Han Tin
Name = 海賊殺手19,Name = Hai Tac Sat Thu 19
Name = 海賊殺手20,Name = Hai Tac Sat Thu 20
Name = 海賊殺手21,Name = Hai Tac Sat Thu 21
Name = 海賊殺手22,Name = Hai Tac Sat Thu 22
Name = 彭越,Name = Banh Viet
Name = 山賊強人7,Name = Son Tac Cuong Nhan 7
Name = 山賊強人8,Name = Son Tac Cuong Nhan 8
Name = 山賊強人9,Name = Son Tac Cuong Nhan 9
Name = 山賊強人10,Name = Son Tac Cuong Nhan 10
Name = 樊哙,Name = Phan Khoai
Name = 山賊強人11,Name = Son Tac Cuong Nhan 11
Name = 山賊強人12,Name = Son Tac Cuong Nhan 12
Name = 山賊頭子31,Name = Son Tac Dau Tu 31
Name = 山賊頭子32,Name = Son Tac Dau Tu 32
Name = 陈平,Name = Tran Binh
Name = 惡棍頭頭13,Name = Ac Con Dau Dau 13
Name = 惡棍頭頭14,Name = Ac Con Dau Dau 14
Name = 惡棍頭頭15,Name = Ac Con Dau Dau 15
Name = 惡棍頭頭16,Name = Ac Con Dau Dau 16
Name = 傅宽,Name = Pho Khoan
Name = 海賊殺手23,Name = Hai Tac Sat Thu 23
Name = 海賊頭目6,Name = Hai Tac Dau Muc 6
Name = 海賊殺手24,Name = Hai Tac Sat Thu 24
Name = 蒙面大盜20,Name = Mong Dien Dai Dao 20
Name = 张良,Name = Truong Luong
Name = 山賊頭子33,Name = Son Tac Dau Tu 33
Name = 山賊頭子34,Name = Son Tac Dau Tu 34
Name = 山賊頭子35,Name = Son Tac Dau Tu 35
Name = 山賊頭子36,Name = Son Tac Dau Tu 36
Name = 赤夜叉16,Name = Xich Da Xoa 16
Name = 赤夜叉17,Name = Xich Da Xoa 17
Name = 尖牙鬼虎16,Name = Tiem Nha Quy Ho 16
Name = 赤夜叉18,Name = Xich Da Xoa 18
Name = 尖牙鬼虎17,Name = Tiem Nha Quy Ho 17
Name = 金甲妖龍21,Name = Kim Giap Yeu Long 21
Name = 金甲妖龍22,Name = Kim Giap Yeu Long 22
Name = 金甲妖龍23,Name = Kim Giap Yeu Long 23
Name = 金甲妖龍24,Name = Kim Giap Yeu Long 24
Name = 金甲妖龍25,Name = Kim Giap Yeu Long 25
Name = 鬼面蜘蛛8,Name = Quy Dien Tri Chu 8
Name = 血焰火蟻10,Name = Huyet Diem Hoa Nghi 10
Name = 鬼面蜘蛛9,Name = Quy Dien Tri Chu 9
Name = 鬼面蜘蛛10,Name = Quy Dien Tri Chu 10
Name = 太歲19,Name = Thai Tue 19
Name = 黑玉妖蟒19,Name = Hac Ngoc Yeu Mang 19
Name = 黑玉妖蟒20,Name = Hac Ngoc Yeu Mang 20
Name = 赤蟒6,Name = Xich Mang 6
Name = 黑玉妖蟒21,Name = Hac Ngoc Yeu Mang 21
Name = 赤蟒7,Name = Xich Mang 7
Name = 先秦屍將26,Name = Tien Tan Thi Tuong 26
Name = 先秦屍將27,Name = Tien Tan Thi Tuong 27
Name = 先秦屍將28,Name = Tien Tan Thi Tuong 28
Name = 先秦屍將29,Name = Tien Tan Thi Tuong 29
Name = 先秦屍將30,Name = Tien Tan Thi Tuong 30
Name = 血焰火蟻12,Name = Huyet Diem Hoa Nghi 12
Name = 血焰火蟻13,Name = Huyet Diem Hoa Nghi 13
Name = 赤夜叉19,Name = Xich Da Xoa 19
Name = 血焰火蟻14,Name = Huyet Diem Hoa Nghi 14
Name = 赤夜叉20,Name = Xich Da Xoa 20
Name = 白狼王11,Name = Bach Lang Vuong 11
Name = 白狼王12,Name = Bach Lang Vuong 12
Name = 白狼王13,Name = Bach Lang Vuong 13
Name = 白狼王14,Name = Bach Lang Vuong 14
Name = 白狼王15,Name = Bach Lang Vuong 15
Name = 血焰火蟻15,Name = Huyet Diem Hoa Nghi 15
Name = 血焰火蟻16,Name = Huyet Diem Hoa Nghi 16
Name = 血焰火蟻17,Name = Huyet Diem Hoa Nghi 17
Name = 血焰火蟻18,Name = Huyet Diem Hoa Nghi 18
Name = 血焰火蟻19,Name = Huyet Diem Hoa Nghi 19
Name = 先秦屍將31,Name = Tien Tan Thi Tuong 31
Name = 先秦屍將32,Name = Tien Tan Thi Tuong 32
Name = 先秦屍將33,Name = Tien Tan Thi Tuong 33
Name = 先秦屍將34,Name = Tien Tan Thi Tuong 34
Name = 先秦屍將35,Name = Tien Tan Thi Tuong 35
Name = 青羅剎16,Name = Thanh La Sat 16
Name = 青羅剎17,Name = Thanh La Sat 17
Name = 青羅剎18,Name = Thanh La Sat 18
Name = 鬼面蜘蛛11,Name = Quy Dien Tri Chu 11
Name = 黑玉妖蟒22,Name = Hac Ngoc Yeu Mang 22
Name = 噬人巨熊11,Name = Phe Nhan Cu Hung 11
Name = 噬人巨熊12,Name = Phe Nhan Cu Hung 12
Name = 噬人巨熊13,Name = Phe Nhan Cu Hung 13
Name = 噬人巨熊14,Name = Phe Nhan Cu Hung 14
Name = 噬人巨熊15,Name = Phe Nhan Cu Hung 15
Name = 鬼面蜘蛛12,Name = Quy Dien Tri Chu 12
Name = 鬼面蜘蛛13,Name = Quy Dien Tri Chu 13
Name = 黑玉妖蟒23,Name = Hac Ngoc Yeu Mang 23
Name = 黑玉妖蟒24,Name = Hac Ngoc Yeu Mang 24
Name = 黑玉妖蟒25,Name = Hac Ngoc Yeu Mang 25
Name = 金甲妖龍26,Name = Kim Giap Yeu Long 26
Name = 金甲妖龍27,Name = Kim Giap Yeu Long 27
Name = 青羅剎19,Name = Thanh La Sat 19
Name = 金甲妖龍28,Name = Kim Giap Yeu Long 28
Name = 黑玉妖蟒26,Name = Hac Ngoc Yeu Mang 26
Name = 太歲20,Name = Thai Tue 20
Name = 鬼面蜘蛛14,Name = Quy Dien Tri Chu 14
Name = 太歲21,Name = Thai Tue 21
Name = 太歲22,Name = Thai Tue 22
Name = 太歲23,Name = Thai Tue 23
Name = 黑玉妖蟒27,Name = Hac Ngoc Yeu Mang 27
Name = 黑玉妖蟒28,Name = Hac Ngoc Yeu Mang 28
Name = 黑玉妖蟒29,Name = Hac Ngoc Yeu Mang 29
Name = 黑玉妖蟒30,Name = Hac Ngoc Yeu Mang 30
Name = 黑玉妖蟒31,Name = Hac Ngoc Yeu Mang 31
Name = 噬人巨熊16,Name = Phe Nhan Cu Hung 16
Name = 噬人巨熊17,Name = Phe Nhan Cu Hung 17
Name = 噬人巨熊18,Name = Phe Nhan Cu Hung 18
Name = 噬人巨熊19,Name = Phe Nhan Cu Hung 19
Name = 噬人巨熊20,Name = Phe Nhan Cu Hung 20
Name = 大花豹9,Name = Dai Hoa Bao 9
Name = 大花豹10,Name = Dai Hoa Bao 10
Name = 大花豹11,Name = Dai Hoa Bao 11
Name = 大花豹12,Name = Dai Hoa Bao 12
Name = 大花豹13,Name = Dai Hoa Bao 13
Name = 赤蟒8,Name = Xich Mang 8
Name = 赤蟒9,Name = Xich Mang 9
Name = 金甲妖龍29,Name = Kim Giap Yeu Long 29
Name = 金甲妖龍30,Name = Kim Giap Yeu Long 30
Name = 赤蟒10,Name = Xich Mang 10
Name = 太歲24,Name = Thai Tue 24
Name = 太歲25,Name = Thai Tue 25
Name = 太歲26,Name = Thai Tue 26
Name = 太歲27,Name = Thai Tue 27
Name = 太歲28,Name = Thai Tue 28
Name = 尖牙鬼虎18,Name = Tiem Nha Quy Ho 18
Name = 尖牙鬼虎19,Name = Tiem Nha Quy Ho 19
Name = 尖牙鬼虎20,Name = Tiem Nha Quy Ho 20
Name = 大花豹14,Name = Dai Hoa Bao 14
Name = 大花豹15,Name = Dai Hoa Bao 15
Name = 尖牙鬼虎21,Name = Tiem Nha Quy Ho 21
Name = 尖牙鬼虎22,Name = Tiem Nha Quy Ho 22
Name = 尖牙鬼虎23,Name = Tiem Nha Quy Ho 23
Name = 尖牙鬼虎24,Name = Tiem Nha Quy Ho 24
Name = 尖牙鬼虎25,Name = Tiem Nha Quy Ho 25
Name = 赤夜叉21,Name = Xich Da Xoa 21
Name = 赤夜叉22,Name = Xich Da Xoa 22
Name = 赤夜叉23,Name = Xich Da Xoa 23
Name = 赤夜叉24,Name = Xich Da Xoa 24
Name = 赤夜叉25,Name = Xich Da Xoa 25
Name = 先秦屍將36,Name = Tien Tan Thi Tuong 36
Name = 先秦屍將37,Name = Tien Tan Thi Tuong 37
Name = 先秦屍將38,Name = Tien Tan Thi Tuong 38
Name = 先秦屍將39,Name = Tien Tan Thi Tuong 39
Name = 先秦屍將40,Name = Tien Tan Thi Tuong 40
Name = 太歲29,Name = Thai Tue 29
Name = 太歲30,Name = Thai Tue 30
Name = 太歲31,Name = Thai Tue 31
Name = 太歲32,Name = Thai Tue 32
Name = 太歲33,Name = Thai Tue 33
Name = 金甲妖龍31,Name = Kim Giap Yeu Long 31
Name = 金甲妖龍32,Name = Kim Giap Yeu Long 32
Name = 金甲妖龍33,Name = Kim Giap Yeu Long 33
Name = 金甲妖龍34,Name = Kim Giap Yeu Long 34
Name = 金甲妖龍35,Name = Kim Giap Yeu Long 35
Name = 巨雪熊11,Name = Cu Tuyet Hung 11
Name = 巨雪熊12,Name = Cu Tuyet Hung 12
Name = 巨雪熊13,Name = Cu Tuyet Hung 13
Name = 巨雪熊14,Name = Cu Tuyet Hung 14
Name = 巨雪熊15,Name = Cu Tuyet Hung 15
Name = 先秦屍將41,Name = Tien Tan Thi Tuong 41
Name = 先秦屍將42,Name = Tien Tan Thi Tuong 42
Name = 先秦屍將43,Name = Tien Tan Thi Tuong 43
Name = 先秦屍將44,Name = Tien Tan Thi Tuong 44
Name = 先秦屍將45,Name = Tien Tan Thi Tuong 45
Name = 先秦屍將46,Name = Tien Tan Thi Tuong 46
Name = 先秦屍將47,Name = Tien Tan Thi Tuong 47
Name = 先秦屍將48,Name = Tien Tan Thi Tuong 48
Name = 先秦屍將49,Name = Tien Tan Thi Tuong 49
Name = 先秦屍將50,Name = Tien Tan Thi Tuong 50
Name = 金甲妖龍36,Name = Kim Giap Yeu Long 36
Name = 金甲妖龍37,Name = Kim Giap Yeu Long 37
Name = 金甲妖龍38,Name = Kim Giap Yeu Long 38
Name = 金甲妖龍39,Name = Kim Giap Yeu Long 39
Name = 金甲妖龍40,Name = Kim Giap Yeu Long 40
Name = 青羅剎20,Name = Thanh La Sat 20
Name = 青羅剎21,Name = Thanh La Sat 21
Name = 青羅剎22,Name = Thanh La Sat 22
Name = 青羅剎23,Name = Thanh La Sat 23
Name = 青羅剎24,Name = Thanh La Sat 24
Name = 黑玉妖蟒32,Name = Hac Ngoc Yeu Mang 32
Name = 黑玉妖蟒33,Name = Hac Ngoc Yeu Mang 33
Name = 黑玉妖蟒34,Name = Hac Ngoc Yeu Mang 34
Name = 黑玉妖蟒35,Name = Hac Ngoc Yeu Mang 35
Name = 黑玉妖蟒36,Name = Hac Ngoc Yeu Mang 36
Name = 尖牙鬼虎26,Name = Tiem Nha Quy Ho 26
Name = 尖牙鬼虎27,Name = Tiem Nha Quy Ho 27
Name = 尖牙鬼虎28,Name = Tiem Nha Quy Ho 28
Name = 尖牙鬼虎29,Name = Tiem Nha Quy Ho 29
Name = 尖牙鬼虎30,Name = Tiem Nha Quy Ho 30
Name = 白狼王16,Name = Bach Lang Vuong 16
Name = 白狼王17,Name = Bach Lang Vuong 17
Name = 白狼王18,Name = Bach Lang Vuong 18
Name = 白狼王19,Name = Bach Lang Vuong 19
Name = 白狼王20,Name = Bach Lang Vuong 20
Name = 太歲34,Name = Thai Tue 34
Name = 太歲35,Name = Thai Tue 35
Name = 太歲36,Name = Thai Tue 36
Name = 大花豹16,Name = Dai Hoa Bao 16
Name = 青羅剎25,Name = Thanh La Sat 25
Name = 青鱗水妖6,Name = Thanh Lan Thuy Yeu 6
Name = 青鱗水妖7,Name = Thanh Lan Thuy Yeu 7
Name = 青鱗水妖8,Name = Thanh Lan Thuy Yeu 8
Name = 青鱗水妖9,Name = Thanh Lan Thuy Yeu 9
Name = 青鱗水妖10,Name = Thanh Lan Thuy Yeu 10
Name = 巨雪熊16,Name = Cu Tuyet Hung 16
Name = 巨雪熊17,Name = Cu Tuyet Hung 17
Name = 巨雪熊18,Name = Cu Tuyet Hung 18
Name = 巨雪熊19,Name = Cu Tuyet Hung 19
Name = 巨雪熊20,Name = Cu Tuyet Hung 20
Name = 青羅剎26,Name = Thanh La Sat 26
Name = 青羅剎27,Name = Thanh La Sat 27
Name = 青羅剎28,Name = Thanh La Sat 28
Name = 青羅剎29,Name = Thanh La Sat 29
Name = 青羅剎30,Name = Thanh La Sat 30
Name = 赤夜叉26,Name = Xich Da Xoa 26
Name = 赤夜叉27,Name = Xich Da Xoa 27
Name = 赤夜叉28,Name = Xich Da Xoa 28
Name = 赤夜叉29,Name = Xich Da Xoa 29
Name = 赤夜叉30,Name = Xich Da Xoa 30
Name = 劍仙1,Name = Kiem Tien 1
Name = 劍仙2,Name = Kiem Tien 2
Name = 劍仙3,Name = Kiem Tien 3
Name = 劍仙4,Name = Kiem Tien 4
Name = 劍仙5,Name = Kiem Tien 5
Name = 劍仙6,Name = Kiem Tien 6
Name = 劍仙7,Name = Kiem Tien 7
Name = 劍仙8,Name = Kiem Tien 8
Name = 劍仙9,Name = Kiem Tien 9
Name = 劍仙10,Name = Kiem Tien 10
Name = 劍仙11,Name = Kiem Tien 11
Name = 劍仙12,Name = Kiem Tien 12
Name = 劍仙13,Name = Kiem Tien 13
Name = 劍仙14,Name = Kiem Tien 14
Name = 劍仙15,Name = Kiem Tien 15
Name = 劍仙16,Name = Kiem Tien 16
Name = 劍仙17,Name = Kiem Tien 17
Name = 劍仙18,Name = Kiem Tien 18
Name = 劍仙19,Name = Kiem Tien 19
Name = 劍仙20,Name = Kiem Tien 20
Name = 劍仙21,Name = Kiem Tien 21
Name = 劍仙22,Name = Kiem Tien 22
Name = 秦俑武將1,Name = Tan Dung Vo Tuong 1
Name = 秦俑武將2,Name = Tan Dung Vo Tuong 2
Name = 秦俑武將3,Name = Tan Dung Vo Tuong 3
Name = 秦俑武將4,Name = Tan Dung Vo Tuong 4
Name = 秦俑武將5,Name = Tan Dung Vo Tuong 5
Name = 秦俑武將6,Name = Tan Dung Vo Tuong 6
Name = 秦俑武將7,Name = Tan Dung Vo Tuong 7
Name = 秦俑武將8,Name = Tan Dung Vo Tuong 8
Name = 秦俑武將9,Name = Tan Dung Vo Tuong 9
Name = 秦俑武將10,Name = Tan Dung Vo Tuong 10
Name = 預備33,Name = Du Bi 33
Name = 預備34,Name = Du Bi 34
Name = 預備35,Name = Du Bi 35
Name = 預備36,Name = Du Bi 36
Name = 預備37,Name = Du Bi 37
Name = 預備38,Name = Du Bi 38
Name = 預備39,Name = Du Bi 39
Name = 預備40,Name = Du Bi 40
Name = UJ仙人,Name = UJ Tien Nhan
Name = 瀛洲老仙,Name = Doanh Chau Lao Tien
Name = 五彩神石,Name = Ngu Thai Than Thach
Name = 徐庶,Name = Tu Thu
Name = 徐庶之母,Name = Tu Thu Chi Mau
Name = 劇情預備03,Name = Kich Tinh Du Bi 03
Name = 劇情預備04,Name = Kich Tinh Du Bi 04
Name = 劇情預備05,Name = Kich Tinh Du Bi 05
Name = 劇情預備06,Name = Kich Tinh Du Bi 06
Name = 劇情預備07,Name = Kich Tinh Du Bi 07
Name = 劇情預備08,Name = Kich Tinh Du Bi 08
Name = 秦俑武將11,Name = Tan Dung Vo Tuong 11
Name = 秦俑武將12,Name = Tan Dung Vo Tuong 12
Name = 秦俑武將13,Name = Tan Dung Vo Tuong 13
Name = 秦俑武將14,Name = Tan Dung Vo Tuong 14
Name = 秦俑武將15,Name = Tan Dung Vo Tuong 15
Name = 秦俑武將16,Name = Tan Dung Vo Tuong 16
Name = 秦俑武將17,Name = Tan Dung Vo Tuong 17
Name = 秦俑武將18,Name = Tan Dung Vo Tuong 18
Name = 秦俑武將19,Name = Tan Dung Vo Tuong 19
Name = 秦俑武將20,Name = Tan Dung Vo Tuong 20
Name = 秦俑武將21,Name = Tan Dung Vo Tuong 21
Name = 秦俑武將22,Name = Tan Dung Vo Tuong 22
Name = 秦俑武將23,Name = Tan Dung Vo Tuong 23
Name = 秦俑武將24,Name = Tan Dung Vo Tuong 24
Name = 秦俑武將25,Name = Tan Dung Vo Tuong 25
Name = 秦俑武將26,Name = Tan Dung Vo Tuong 26
Name = 秦俑武將27,Name = Tan Dung Vo Tuong 27
Name = 秦俑武將28,Name = Tan Dung Vo Tuong 28
Name = 秦俑武將29,Name = Tan Dung Vo Tuong 29
Name = 秦俑武將30,Name = Tan Dung Vo Tuong 30
Name = 雙尾妖蠍1,Name = Song Vi Yeu Hiet 1
Name = 雙尾妖蠍2,Name = Song Vi Yeu Hiet 2
Name = 雙尾妖蠍3,Name = Song Vi Yeu Hiet 3
Name = 雙尾妖蠍4,Name = Song Vi Yeu Hiet 4
Name = 雙尾妖蠍5,Name = Song Vi Yeu Hiet 5
Name = 雙尾妖蠍6,Name = Song Vi Yeu Hiet 6
Name = 雙尾妖蠍7,Name = Song Vi Yeu Hiet 7
Name = 雙尾妖蠍8,Name = Song Vi Yeu Hiet 8
Name = 雙尾妖蠍9,Name = Song Vi Yeu Hiet 9
Name = 雙尾妖蠍10,Name = Song Vi Yeu Hiet 10
Name = 雙尾妖蠍11,Name = Song Vi Yeu Hiet 11
Name = 雙尾妖蠍12,Name = Song Vi Yeu Hiet 12
Name = 雙尾妖蠍13,Name = Song Vi Yeu Hiet 13
Name = 雙尾妖蠍14,Name = Song Vi Yeu Hiet 14
Name = 雙尾妖蠍15,Name = Song Vi Yeu Hiet 15
Name = 雙尾妖蠍16,Name = Song Vi Yeu Hiet 16
Name = 雙尾妖蠍17,Name = Song Vi Yeu Hiet 17
Name = 雙尾妖蠍18,Name = Song Vi Yeu Hiet 18
Name = 雙尾妖蠍19,Name = Song Vi Yeu Hiet 19
Name = 雙尾妖蠍20,Name = Song Vi Yeu Hiet 20
Name = 地仙1,Name = Dia Tien 1
Name = 地仙2,Name = Dia Tien 2
Name = 地仙3,Name = Dia Tien 3
Name = 地仙4,Name = Dia Tien 4
Name = 地仙5,Name = Dia Tien 5
Name = 地仙6,Name = Dia Tien 6
Name = 地仙7,Name = Dia Tien 7
Name = 地仙8,Name = Dia Tien 8
Name = 地仙9,Name = Dia Tien 9
Name = 地仙10,Name = Dia Tien 10
Name = 地仙11,Name = Dia Tien 11
Name = 地仙12,Name = Dia Tien 12
Name = 地仙13,Name = Dia Tien 13
Name = 地仙14,Name = Dia Tien 14
Name = 地仙15,Name = Dia Tien 15
Name = 地仙16,Name = Dia Tien 16
Name = 地仙17,Name = Dia Tien 17
Name = 地仙18,Name = Dia Tien 18
Name = 地仙19,Name = Dia Tien 19
Name = 地仙20,Name = Dia Tien 20
Name = 地仙21,Name = Dia Tien 21
Name = 地仙22,Name = Dia Tien 22
Name = 地仙23,Name = Dia Tien 23
Name = 地仙24,Name = Dia Tien 24
Name = 地仙25,Name = Dia Tien 25
Name = 地仙26,Name = Dia Tien 26
Name = 地仙27,Name = Dia Tien 27
Name = 烏戈戰牛1,Name = O Qua Chien Nguu 1
Name = 烏戈戰牛2,Name = O Qua Chien Nguu 2
Name = 烏戈戰牛3,Name = O Qua Chien Nguu 3
Name = 烏戈戰牛4,Name = O Qua Chien Nguu 4
Name = 烏戈戰牛5,Name = O Qua Chien Nguu 5
Name = 烏戈戰牛6,Name = O Qua Chien Nguu 6
Name = 烏戈戰牛7,Name = O Qua Chien Nguu 7
Name = 烏戈戰牛8,Name = O Qua Chien Nguu 8
Name = 烏戈戰牛9,Name = O Qua Chien Nguu 9
Name = 烏戈戰牛10,Name = O Qua Chien Nguu 10
Name = 烏戈戰牛11,Name = O Qua Chien Nguu 11
Name = 烏戈戰牛12,Name = O Qua Chien Nguu 12
Name = 烏戈戰牛13,Name = O Qua Chien Nguu 13
Name = 瘟神1,Name = On Than 1
Name = 瘟神2,Name = On Than 2
Name = 瘟神3,Name = On Than 3
Name = 瘟神4,Name = On Than 4
Name = 瘟神5,Name = On Than 5
Name = 瘟神6,Name = On Than 6
Name = 瘟神7,Name = On Than 7
Name = 瘟神8,Name = On Than 8
Name = 瘟神9,Name = On Than 9
Name = 瘟神10,Name = On Than 10
Name = 瘟神11,Name = On Than 11
Name = 瘟神12,Name = On Than 12
Name = 瘟神13,Name = On Than 13
Name = 瘟神14,Name = On Than 14
Name = 瘟神15,Name = On Than 15
Name = 瘟神16,Name = On Than 16
Name = 瘟神17,Name = On Than 17
Name = 瘟神18,Name = On Than 18
Name = 瘟神19,Name = On Than 19
Name = 瘟神20,Name = On Than 20
Name = 瘟神21,Name = On Than 21
Name = 瘟神22,Name = On Than 22
Name = 瘟神23,Name = On Than 23
Name = 瘟神24,Name = On Than 24
Name = 瘟神25,Name = On Than 25
Name = 瘟神26,Name = On Than 26
Name = 火燄山蜥蜴1,Name = Hoa Diem Son Tich Dich 1
Name = 火燄山蜥蜴2,Name = Hoa Diem Son Tich Dich 2
Name = 火燄山蜥蜴3,Name = Hoa Diem Son Tich Dich 3
Name = 火燄山蜥蜴4,Name = Hoa Diem Son Tich Dich 4
Name = 火燄山蜥蜴5,Name = Hoa Diem Son Tich Dich 5
Name = 火燄山蜥蜴6,Name = Hoa Diem Son Tich Dich 6
Name = 火燄山蜥蜴7,Name = Hoa Diem Son Tich Dich 7
Name = 火燄山蜥蜴8,Name = Hoa Diem Son Tich Dich 8
Name = 火燄山蜥蜴9,Name = Hoa Diem Son Tich Dich 9
Name = 火燄山蜥蜴10,Name = Hoa Diem Son Tich Dich 10
Name = 火燄山蜥蜴11,Name = Hoa Diem Son Tich Dich 11
Name = 火燄山蜥蜴12,Name = Hoa Diem Son Tich Dich 12
Name = 火燄山蜥蜴13,Name = Hoa Diem Son Tich Dich 13
Name = 火燄山蜥蜴14,Name = Hoa Diem Son Tich Dich 14
Name = 火燄山蜥蜴15,Name = Hoa Diem Son Tich Dich 15
Name = 火燄山蜥蜴16,Name = Hoa Diem Son Tich Dich 16
Name = 十常侍1,Name = Thap Thuong Thi 1
Name = 十常侍2,Name = Thap Thuong Thi 2
Name = 十常侍3,Name = Thap Thuong Thi 3
Name = 十常侍4,Name = Thap Thuong Thi 4
Name = 十常侍5,Name = Thap Thuong Thi 5
Name = 十常侍6,Name = Thap Thuong Thi 6
Name = 十常侍7,Name = Thap Thuong Thi 7
Name = 十常侍8,Name = Thap Thuong Thi 8
Name = 十常侍9,Name = Thap Thuong Thi 9
Name = 十常侍10,Name = Thap Thuong Thi 10
Name = 高麗王朱蒙,Name = Cao Le Vuong Chu Mong
Name = 金蛙王1,Name = Kim Oa Vuong 1
Name = 金蛙王2,Name = Kim Oa Vuong 2
Name = 金蛙王3,Name = Kim Oa Vuong 3
Name = 金蛙王4,Name = Kim Oa Vuong 4
Name = 吕雉,Name = Lu Tri
Name = 郦食其,Name = Le Thuc Ky
Name = 王陵,Name = Vuong Lang
Name = 曹参,Name = Tao Tham
Name = 萧何,Name = Tieu Ha
Name = 虞姬,Name = Ngu Co
Name = 霸王项羽,Name = Ba Vuong Hang Vu
Name = 高祖刘邦,Name = Cao To Luu Bang
Name = 高丽王朱蒙,Name = Cao Le Vuong Chu Mong
Name = 金蛙王1,Name = Kim Oa Vuong 1
Name = 金蛙王2,Name = Kim Oa Vuong 2
Name = 金蛙王3,Name = Kim Oa Vuong 3
Name = 金蛙王4,Name = Kim Oa Vuong 4
Name = 张让,Name = Truong Nhuong
Name = 夏恽,Name = Ha Uan
Name = 郭胜,Name = Quach Thang
Name = 赵忠,Name = Trieu Trung
Name = 孙璋,Name = Ton Chuong
Name = 毕岚,Name = Tat Lam
Name = 栗嵩,Name = Lat Tung
Name = 段圭,Name = Doan Khue
Name = 高望,Name = Cao Vong
Name = 张恭,Name = Truong Cung
Name = 绯村剑心,Name = Phi Thon Kiem Tam
Name = 神谷薰,Name = Than Coc Huan xx
Name = 于氐根,Name = Vu De Can
Name = 难楼,Name = Nan Lau
Name = 褚飞燕,Name = Chu Phi Yen
Name = 郭大贤,Name = Quach Dai Hien
Name = 雷公,Name = Loi Cong
Name = 李大目,Name = Ly Dai Muc
Name = 区星,Name = Khu Tinh
Name = 玲玲,Name = Linh Linh
Name = 兰兰,Name = Lan Lan
Name = 荻喨,Name = Dich Luong
Name = 碧月,Name = Bich Nguyet
Name = 雷绪,Name = Loi Tu
Name = 吐悉泥,Name = Tho Tat Ne
Name = 塔郎,Name = Thap Lang
Name = 申雄,Name = Than Hung
Name = 管承,Name = Quan Thua
Name = 太湖美人鱼,Name = Thai Ho My Nhan Ngu
Name = 真田幸村,Name = Chan Dien Hanh Thon
Name = 伊达政宗,Name = Y Dat Chinh Tong
Name = 杂贺孙市,Name = Tap Ha Ton Thi
Name = 直江兼续,Name = Truc Giang Kiem Tuc
Name = 浓姬,Name = Nung Co
Name = 前田庆次,Name = Tien Dien Khanh Thu
Name = 宫本武藏,Name = Cung Bon Vo Tang
Name = 明智光秀,Name = Minh Tri Quang Tu
Name = 稻姬,Name = Dao Co
Name = 服部半藏,Name = Phuc Bo Ban Tang
Name = 上杉谦信,Name = Thuong Sam Khiem Tin
Name = 风魔小太郎,Name = Phong Ma Tieu Thai Lang
Name = 森兰丸,Name = Sam Lan Hoan
Name = 阿国,Name = A Quoc
Name = 德川家康,Name = Duc Xuyen Gia Khang
Name = 丰臣秀吉,Name = Phong Than Tu Cat
Name = 武田信玄,Name = Vo Dien Tin Huyen
Name = 本多忠胜,Name = Bon Da Trung Thang
Name = 宁宁,Name = Ninh Ninh
Name = 浅井长政,Name = Thien Tinh Truong Chinh
Name = 石田三成,Name = Thach Dien Tam Thanh
Name = Chuc Dien Tin Truong,Name = Chuc Dien Tin Truong
Name = A Thi,Name = A Thi
Name = Dao Ta Can,Name = Dao Ta Can
Name = Dao Tan Nghia Hoang,Name = Dao Tan Nghia Hoang
Name = Kim Xuyen Nghia Nguyen,Name = Kim Xuyen Nghia Nguyen
Name = Thach Xuyen Ngu Huu Ve Mon,Name = Thach Xuyen Ngu Huu Ve Mon
Name = Ta Ta Moc Tieu Thu Lang,Name = Ta Ta Moc Tieu Thu Lang
Name = Nu Nhan,Name = Nu Nhan
Name = Lap Hoa Cac Thien Dai,Name = Lap Hoa Cac Thien Dai
Name = Quy Vuong Dong Trac,Name = Quy Vuong Dong Trac
Name = Muc Que Anh,Name = Muc Que Anh
Name = Duong Bat Muoi,Name = Duong Bat Muoi
Name = Tung Nhuong,Name = Tung Nhuong
Name = Ly Thanh Que,Name = Ly Thanh Que
Name = Thoi Trung Hien,Name = Thoi Trung Hien
Name = On Tac Vuong,Name = On Tac Vuong
Name = Sa Mac Tho Phi,Name = Sa Mac Tho Phi
Name = Ac Con Dau Dau,Name = Ac Con Dau Dau
Name = Mong Dien Dai Dao,Name = Mong Dien Dai Dao
Name = Son Tac Dau Tu,Name = Son Tac Dau Tu
Name = Hai Tac Sat Thu,Name = Hai Tac Sat Thu
Name = Hai Tac Dau Muc,Name = Hai Tac Dau Muc
Name = Nu Tac Thu Linh,Name = Nu Tac Thu Linh
Name = Son Tac Cuong Nhan,Name = Son Tac Cuong Nhan
Name = Duong Bai Phong,Name = Duong Bai Phong
Name = Do Kim Nga,Name = Do Kim Nga
Name = Cai Kim,Name = Cai Kim
Name = Dong Minh Vuong,Name = Dong Minh Vuong
Name = Tinh Thai,Name = Tinh Thai
Name = Trai Vuong ・ Yeu Ngu Nuong,Name = Trai Vuong ・ Yeu Ngu Nuong
Name = Tan Thuy Hoang,Name = Tan Thuy Hoang
Name = Ta Long,Name = Ta Long
Name = Thien Nien Hoa Long,Name = Thien Nien Hoa Long
Name = Ly Tieu,Name = Ly Tieu
Name = Cu Cuong Thi,Name = Cu Cuong Thi
Name = Bang Ma,Name = Bang Ma
Name = Viem Ma,Name = Viem Ma
Name = Kim Giap Long,Name = Kim Giap Long
Name = Nu Vu Nhu Suong,Name = Nu Vu Nhu Suong
Name = Sat Niem Tu La Binh Captain,Name = Sat Niem Tu La Binh Captain
Name = Xi Vuu,Name = Xi Vuu
Name = Long Ky Binh Captain,Name = Long Ky Binh Captain
Name = Thao Thu Su Captain,Name = Thao Thu Su Captain
Name = Cuong Duc Tu La Captain,Name = Cuong Duc Tu La Captain
Name = Than Thu Binh Captain,Name = Than Thu Binh Captain
Name = Hong Vien,Name = Hong Vien
Name = Binh Ma Dung Chien Xa Doi Truong,Name = Binh Ma Dung Chien Xa Doi Truong
Name = Tai Duy Nhi,Name = Tai Duy Nhi
Name = Ca Dich A,Name = Ca Dich A
Name = Ngoa Lac Luong,Name = Ngoa Lac Luong
Name = Yeu Hoa Truong Giac,Name = Yeu Hoa Truong Giac
Name = Ngu Loi Lang Nha No Xa,Name = Ngu Loi Lang Nha No Xa
Name = Than Hoa Tat Le Long Phao,Name = Than Hoa Tat Le Long Phao
